Date,Rank,Cha_Spread,ret_High,ret_Low,cha_High,cha_Low
197602,0.0138994444362251,0.2125745030097443,0.014716717243362328,8.172728071372275e-4,-0.10608495399820428,-0.31865945700794857
197603,-0.009325243138059785,0.1937634051436225,0.0028855871438870895,0.012210830281946874,-0.12172256473586814,-0.3154859698794906
197604,0.0016491488863725184,0.2192448399062924,0.008000567575957076,0.006351418689584557,-0.11676012930644679,-0.3360049692127392
197605,0.01149068955689343,0.21148389736134737,-9.94305496444985e-4,-0.012484995053338416,-0.12510193365052724,-0.33658583101187467
197606,0.009709058644001345,0.19652613386518608,0.011517073008435795,0.0018080143644344502,-0.12383266467542901,-0.3203587985406151
197607,-0.00789999109251306,0.18631585605179823,-0.0016945793459896001,0.00620541174652346,-0.12839274151995517,-0.3147085975717534
197608,-0.008409555257545689,0.2021797977363879,7.129387548066605e-4,0.009122494012352348,-0.11409051042105252,-0.3162703081574404
197609,-0.019130006630497826,0.19574860292860408,0.02055812108363375,0.03968812771413158,-0.11020889483037817,-0.30595749775898223
197610,-0.006362220839713901,0.20795826000985948,0.011668434518587026,0.018030655358300927,-0.12047836327122524,-0.3284366232810847
197611,-0.0479077795211653,0.19543570987973719,-0.04000588565252953,0.007901893868635771,-0.12424519237556095,-0.3196809022552981
197612,0.007220783119795501,0.245311737356743,0.02735028323584025,0.02012950011604475,-0.0753416415950586,-0.32065337895180157
197701,0.008092877195657194,0.22319831813715307,-0.009751755431183583,-0.017844632626840776,-0.08902044611047238,-0.31221876424762546
197702,-0.02603807730400805,0.2187277551228694,-0.010858684959268526,0.015179392344739525,-0.07396743701542238,-0.2926951921382918
197703,-0.007907965011232795,0.23755177471496025,-0.002941907076007183,0.0049660579352256125,-0.05054781196979742,-0.28809958668475766
197704,-4.348594604963755e-4,0.24475557624163452,6.469719951716973e-4,0.0010818314556680728,-0.04492112233275409,-0.2896766985743886
197705,-0.006796520394816065,0.24124280068733372,-0.002340749119920657,0.0044557712748954075,-0.042410949272381746,-0.2836537499597155
197706,-0.0019908706169266006,0.23446651329400725,-0.0065230250259394025,-0.004532154409012802,-0.04185177646622423,-0.2763182897602315
197707,-0.015397576757953979,0.23773801463179278,-2.645851040129297e-4,0.015132991653941049,-0.02798509765717766,-0.26572311228897044
197708,3.0924748329040977e-4,0.25691129536700447,-0.021031499835703737,-0.021340747318994147,-0.023266253342234994,-0.28017754870923944
197709,0.006781773335159385,0.2440403280454396,0.00546632132238278,-0.0013154520127766052,0.010315784811799535,-0.23372454323364006
197710,-0.03493976335041503,0.22091105467407207,-0.01923516388131545,0.015704599469099575,0.0012054787845856424,-0.21970557588948642
197711,-0.016284054790442485,0.23582817794972072,-0.0024433013016113858,0.0138407534888311,0.013108154246060363,-0.22272002370366034
197712,-0.0499900178031572,0.23538984442638639,0.018655265707372602,0.0686452835105298,0.022977107453724277,-0.2124127369726621
197801,-0.016259169617998365,0.25211857452231035,-0.004949139702865549,0.011310029915132816,0.009839068980617052,-0.2422795055416933
197802,0.00462160224269112,0.24923344242691237,-0.0017362640276195798,-0.006357866270310699,0.01771864222628646,-0.23151480020062593
197803,-0.004683729945380779,0.21720763540235266,-0.008416011227799176,-0.0037322812824183973,0.014377091697970731,-0.20283054370438192
197804,0.015190046259414643,0.2076394924971477,0.002788902193296554,-0.01240114406611809,0.027747573246882082,-0.1798919192502656
197805,0.00817780553133475,0.17890801952190244,0.004405144617747633,-0.0037726609135871176,0.03230612748562611,-0.14660189203627633
197806,-0.00914197030025778,0.14640870434360592,0.004253629685716321,0.0133955999859741,0.03104086781236185,-0.11536783653124408
197807,-0.05523412667391571,0.350625777197083,-8.327200630056002e-4,0.05440140661091011,0.029183590107524887,-0.32144218708955813
197808,-0.009996004800445605,0.4050597647909194,-0.005457389862004166,0.00453861493844144,0.020009684563122118,-0.3850500802277973
197809,-0.019740750184695705,0.39672976812328004,-0.01656833378649649,0.003172416398199213,0.031248059477623616,-0.36548170864565643
197810,-0.03263969012379356,0.4372639678898637,0.03272492935240803,0.06536461947620159,0.052664382735939055,-0.3845995851539247
197811,0.08146441413746541,0.46801766316103444,-0.02639672255877471,-0.10786113669624012,0.026543437522866267,-0.4414742256381682
197812,-0.014796589398512767,0.36916123400864825,0.004093064082321133,0.0188896534808339,0.05464523259218448,-0.3145160014164638
197901,0.02529754188040147,0.36362453688020496,-0.017202149648504864,-0.042499691528906335,0.04962273205288111,-0.3140018048273238
197902,0.010883670282692666,0.33681763932172826,5.563481598733039e-4,-0.010327322122819362,0.06954649783988387,-0.2672711414818444
197903,0.04904218286368996,0.33614001496675017,0.017661204749496333,-0.03138097811419363,0.06175952260614681,-0.27438049236060336
197904,0.054358948148091626,0.2811856047589857,0.006678032362683766,-0.04768091578540786,0.04370488749887563,-0.23748071726011005
197905,-0.007020741112846956,0.2495175572953992,-0.007037436420039202,-1.669530719224663e-5,0.03977475038315768,-0.20974280691224154
197906,-0.012084509514382457,0.2712849261069449,0.006051180935107366,0.018135690449489823,0.05472503194348787,-0.21655989416345697
197907,0.002814679910938759,0.2840673167084375,0.0020825134254679866,-7.321664854707725e-4,0.061541856237888194,-0.22252546047054927
197908,0.01325184414076964,0.28859488401424455,8.499741547213932e-4,-0.012401869986048246,0.06472519028895712,-0.22386969372528742
197909,0.017694073226442585,0.26198183916408274,0.016001924957542185,-0.0016921482689003977,0.06696585121869847,-0.19501598794538427
197910,0.031203868471574532,0.25136657093131254,-0.022768295657960465,-0.053972164129535,0.06155550316733529,-0.18981106776397727
197911,0.03477589189215395,0.22831797582139046,0.011997351997192918,-0.022778539894961033,0.0840676390122165,-0.14425033680917398
197912,-0.007301406714557151,0.21421293537395258,0.00402453219293915,0.011325938907496301,0.07030848346749935,-0.14390445190645323
198001,0.024366236201614985,0.22386683911088984,0.012248102354719933,-0.012118133846895052,0.07945574998927347,-0.14441108912161635
198002,0.04200060144472871,0.20702341131952687,0.006896081742995079,-0.03510451970173363,0.07215960036682012,-0.13486381095270675
198003,0.03709232094075939,0.1665470228732764,-0.04613216510422186,-0.08322448604498126,0.06934645052617254,-0.09720057234710386
198004,-0.037786313240164585,0.15431826803952572,0.009987947482913342,0.04777426072307793,0.11868034583196728,-0.035637922207558445
198005,-0.029694648959248997,0.20020121463500504,0.021618541618805498,0.051313190578054495,0.10389894787657218,-0.09630226675843284
198006,-0.005808292303280407,0.23657849680339887,0.007826435318439406,0.013634727621719814,0.08322131978924137,-0.1533571770141575
198007,0.019134357893884874,0.251915096230917,-0.004847649026945794,-0.023982006920830665,0.07948355478484372,-0.17243154144607328
198008,-0.01994798126106905,0.23229160930632442,0.004697727124715727,0.024645708385784774,0.0802036713094521,-0.1520879379968723
198009,-0.03058998061516508,0.23320656218198133,-0.009182763349401015,0.021407217265764066,0.06966719026376336,-0.16353937191821794
198010,0.0075379404993765765,0.26544324334659236,-0.010891242392973273,-0.01842918289234985,0.07871706962424863,-0.18672617372234374
198011,0.013187810600961636,0.27718871089483,-0.013653786337593166,-0.026841596938554802,0.09286551835845767,-0.18432319253637233
198012,-0.04491981698990076,0.26606082141437093,-0.01286100469519386,0.0320588122947069,0.10031650742760428,-0.16574431398676664
198101,0.007585616002625584,0.2992450006094171,-0.02476114818281428,-0.032346764185439865,0.11871551384606051,-0.18052948676335662
198102,0.010800615256078935,0.31529899651863524,-0.006077356866149186,-0.01687797212222812,0.14781092385848602,-0.16748807266014926
198103,0.0174090453827951,0.28723846025530475,0.012584714974528866,-0.0048243304082662315,0.15696553174601066,-0.1302729285092941
198104,0.006565576645994345,0.2556165455747963,-0.020554001260302955,-0.0271195779062973,0.1456397835697231,-0.1099767620050732
198105,0.01791792872356878,0.2564538177276866,-0.02235335486109615,-0.04027128358466493,0.17156564998169488,-0.08488816774599175
198106,0.017882398128339052,0.24053834944403873,-0.008357952741742013,-0.026240350870081065,0.19369153915858317,-0.04684681028545558
198107,0.020143179674461262,0.21797759194895955,-0.03330662613758277,-0.05344980581204403,0.20131677390945646,-0.016660818039503075
198108,-0.01486022465757813,0.20050937286253995,0.00409099261181948,0.01895121726939761,0.2363388319653537,0.035829459102813765
198109,0.07002832146262014,0.19271266445767063,0.0332680367866578,-0.03676028467596233,0.22606700906045307,0.03335434460278246
198110,0.01368986469882549,0.18363859170278254,0.005287785944590413,-0.008402078754235077,0.21858094188575775,0.0349423501829752
198111,-0.043804916554141,0.169340548762808,0.02347539606295363,0.06728031261709463,0.21103691894028032,0.04169637017747231
198112,0.0083662522206902,0.20279490069890824,-0.0151568356991139,-0.0235230879198041,0.18849880659242668,-0.014296094106481548
198201,0.009994539684203028,0.19438641308432453,-0.022657872747956765,-0.03265241243215979,0.2175947738097072,0.023208360725382682
198202,0.007737980653344231,0.18446647870188576,-0.026892166664139933,-0.034630147317484164,0.23324137392316915,0.0487748952212834
198203,0.018767697546934636,0.16054866596172873,-0.022803414757657563,-0.0415711123045922,0.24982540444675155,0.08927673848502284
198204,-0.003330676093043213,0.13615176652560268,0.023333220995480797,0.02666389708852401,0.2635169259567598,0.12736515943115714
198205,0.01448295999611077,0.13785826515146044,-0.012987999700706899,-0.02747095969681767,0.23462492595849266,0.09676666080703222
198206,0.0022323746633668012,0.12397354507435665,-0.041044618569400726,-0.04327699323276753,0.25253616838259857,0.12856262330824192
198207,-0.010271150169042793,0.12676331445381525,-0.0014913457516365599,0.008779804417406233,0.2954578069652575,0.1686944925114422
198208,-0.013159470396207433,0.14622415892193785,-0.015148041227109632,-0.0019885708309021997,0.29972315583924863,0.15349899691731078
198209,-0.013293077049776919,0.16562143158144813,-0.02498851191892903,-0.011695434869152112,0.324018291905777,0.15839686032432893
198210,-0.05562907561538009,0.18006562479375124,-0.060778344591567654,-0.005149268976187567,0.3448360887293883,0.16477046393563707
198211,0.011985179464490571,0.27344974238813813,0.017975179764162064,0.005990000299671493,0.43617942647137814,0.16272968408323998
198212,-0.0033431488982146214,0.26646494824141886,0.023766405507698766,0.027109554405913387,0.41427296288069354,0.1478080146392747
198301,-0.019339712365023257,0.2767680148585462,-0.0294248678671913,-0.01008515550216804,0.3974154993241426,0.12064748446559642
198302,-0.00403817258505864,0.27190823227841304,-0.0021700055755116496,0.00186816700954699,0.4135912739190956,0.14168304164068257
198303,4.5369472258416084e-4,0.2776395605096593,-9.835171736253994e-4,-0.0014372118962095602,0.4125982282077076,0.13495866769804826
198304,-0.010018819684590986,0.29955716450260694,-0.0033745032698239063,0.00664431641476708,0.4195707619113314,0.12001359740872447
198305,-0.008180807633067869,0.3170986142241318,-0.010895026480467066,-0.0027142188473991964,0.4369419242587509,0.11984331003461908
198306,-0.0027243524565037664,0.3250396167177152,-0.0071273610510661466,-0.00440300859456238,0.44867042405777074,0.12363080734005558
198307,-0.022109272391023636,0.330110102288767,-0.029177315402793363,-0.007068043011769727,0.4548859958537044,0.12477589356493736
198308,-0.018393290328345482,0.35846626793134007,-0.022667594460450465,-0.004274304132104981,0.4824153554913476,0.12394908756000758
198309,0.007924510796268203,0.3846488075935355,0.015087185537021798,0.0071626747407535956,0.5057888321739908,0.12114002458045534
198310,0.001113640568024466,0.371829205956384,-2.409641446093567e-4,-0.0013546047126338225,0.4856408735556876,0.11381166759930353
198311,-0.01504011279897172,0.37329896784029876,-0.02050982645426,-0.0054697136552882795,0.48770602264432006,0.11440705480402134
198312,0.004119176373924593,0.39135351582749006,-0.008897033507377892,-0.013016209881302485,0.5088066494819128,0.1174531336544228
198401,-0.02325581423928547,0.3995087235725699,-0.03144830550395203,-0.00819249126466656,0.5229446597282883,0.12343593615571836
198402,0.07099385357928222,0.4321874915124299,0.0702134689064137,-7.803846728685266e-4,0.5531177599762378,0.12093026846380783
198403,0.017856021474057328,0.3743494545540274,0.0050313265679190105,-0.012824694906138316,0.4870352186057819,0.11268576405175448
198404,-0.037426394876266755,0.3708092661177898,-0.04575287917011036,-0.008326484293843606,0.48066650389272897,0.10985723777493916
198405,0.004412548659386794,0.4096078433532706,-0.009521950151415172,-0.013934498810801966,0.5152361663497935,0.10562832299652285
198406,0.0036429475630278332,0.41764100049072855,-0.018400997104441232,-0.022043944667469065,0.5233961926774431,0.10575519218671453
198407,-0.029798478594636166,0.4201675026131832,-0.03959535723994519,-0.009796878645309027,0.5406297145651967,0.12046221195201348
198408,-0.012870177863387641,0.46798474631090864,7.468606870802571e-4,0.013617038550467898,0.5833565707480272,0.11537182443711849
198409,-0.0365194044895338,0.4718015903140662,-0.0532537696792793,-0.016734365189745498,0.5752625552473078,0.10346096493324167
198410,4.1078961940980594e-4,0.5076716052686528,0.0025986676256441296,0.0021878780062343237,0.6208430672804139,0.11317146201176109
198411,-0.012129217993353116,0.5151376872892148,-0.01814075105721593,-0.006011533063862813,0.6158973958010975,0.10075970851188269
198412,-0.014746957148652673,0.5315606964847893,-0.0174385487586292,-0.0026915916099765256,0.6337128293872998,0.10215213290251052
198501,0.0018698744172208973,0.5481271526693597,-0.00739980222562975,-0.009269676642850647,0.6477197036164172,0.09959255094705742
198502,-0.015380353731266491,0.5562452153462331,-0.04967303977373502,-0.03429268604246853,0.6495857346532932,0.0933405193070602
198503,0.054771045744707536,0.5650783428151891,0.07795551596504684,0.0231844702203393,0.6931680315065957,0.1280896886914066
198504,-0.005085327885039647,0.5013853639451822,-0.007153066950653989,-0.002067739065614342,0.6086624679187878,0.10727710397360557
198505,0.02027154768841418,0.4951262680656455,0.017042504394994665,-0.003229043293419515,0.609524197896415,0.11439792983076952
198506,0.004943280633533267,0.45889626498364455,0.018597438241042565,0.013654157607509298,0.5779820643546747,0.11908579937103012
198507,0.052832900311314046,0.45210512603782144,0.07218644210678249,0.019353541795468446,0.568545933497129,0.11644080745930763
198508,0.010666627251766361,0.3879116973358821,8.958642104773065e-4,-0.009770763041289054,0.48703782452978966,0.09912612719390755
198509,0.007557717644604403,0.37863592322616363,0.04113875414545443,0.03358103650085003,0.4922918320454654,0.11365590881930175
198510,0.020295092749409008,0.3675714214507848,0.028250492984531396,0.007955400235122386,0.45188095805092654,0.08430953660014172
198511,0.030526967611654063,0.33329853669172904,0.038130482728437366,0.007603515116783302,0.4122986673604001,0.07900013066867106
198512,0.01276860595426228,0.2963464253696027,0.0155137503386629,0.0027451443844006204,0.35754011017002313,0.06119368480042046
198601,-0.004445491438269569,0.2720661193533676,0.018997621957157432,0.023443113395427,0.3323727462960511,0.06030662694268352
198602,-0.009132272275826088,0.29928054872645843,0.040806954113798484,0.04993922638962457,0.34444272035421986,0.045162171627761434
198603,-3.8971020528347396e-4,0.29032099558971336,0.006070719488820826,0.0064604296941043,0.28649677458225487,-0.0038242210074585035
198604,-0.001834812129319227,0.28959521610977307,0.05108368700098921,0.05291849913030844,0.26865420641850585,-0.020941009691267193
198605,0.027471738770851607,0.27377857775916387,-0.041796835609078896,-0.0692685743799305,0.18918057976870614,-0.0845979979904577
198606,0.0014842120027255268,0.28230160567989115,0.042335739390998106,0.04085152738827258,0.22988220702520523,-0.05241939865468594
198607,-0.054621122263858984,0.27699800666807056,-0.002609504311744216,0.052011617952114765,0.17195671768013254,-0.10504128898793802
198608,-0.007006998016488625,0.33033502099911877,0.009656800933471673,0.0166637989499603,0.15934425443069783,-0.17099076656842094
198609,-0.01462148009914172,0.31943809060482353,-0.013677653435744662,9.438266633970576e-4,0.13750967752458595,-0.1819284130802376
198610,0.039988441645961874,0.4366093380334896,0.004268131793535357,-0.03572030985242652,0.2602852269510144,-0.1763241110824752
198611,0.009691568500507824,0.401668726400701,0.02224585792903762,0.012554289428529795,0.2544107747147904,-0.14725795168591058
198612,0.006113311861693876,0.3949698626592376,0.03009820645264379,0.023984894590949914,0.22767865511624838,-0.16729120754298923
198701,-0.03217695564890159,0.38642767221491314,0.014979991076085875,0.047156946724987464,0.1941626031862874,-0.19226506902862578
198702,0.0199806804117012,0.40958549382823506,0.02414870376726545,0.00416802335556425,0.178752464632636,-0.23083302919559906
198703,0.0123070337547065,0.3939027137573692,0.043550489607556364,0.031243455852849863,0.15800485122195188,-0.2358978625354173
198704,-0.013794374832301316,0.3931727006551756,0.009536434184369738,0.023330809016671054,0.11778488489426933,-0.27538781576090626
198705,0.028126333994202397,0.4182205245224824,0.008874601500610388,-0.01925173249359201,0.10132766400272816,-0.31689286051975424
198706,0.01837956115787978,0.39688156615517517,0.00886483492234913,-0.009514726235530653,0.0799088401672329,-0.31697272598794224
198707,0.004827452148716592,0.3854859985726723,-0.014752741360332002,-0.019580193509048594,0.06749769825731383,-0.31798830031535846
198708,-0.013578662223701948,0.37956750403601835,0.022766189911740457,0.036344852135442404,0.08024677017527176,-0.2993207338607466
198709,0.02812637385122017,0.39112313920521885,0.0034531828675789735,-0.024673190983641197,0.062387721175468015,-0.3287354180297508
198710,-0.07008774040451035,0.36480505593296275,-0.015019560531872016,0.05506817987263834,0.05872137134244954,-0.3060836845905132
198711,-0.008026616851688949,0.4420846484832652,0.03604179534600963,0.04406841219769858,0.07324727048374713,-0.36883737799951805
198712,-0.03994182828506938,0.4466385769485545,0.020882869337611337,0.060824697622680717,0.03588665898822689,-0.4107519179603276
198801,0.03279342943471871,0.4770922653222999,-0.008760156136401138,-0.04155358557111985,0.00761785695965587,-0.4694744083626441
198802,0.014857081746257574,0.4384538593656404,0.012900243829327668,-0.001956837916929907,0.016202162685277948,-0.42225169668036244
198803,0.010998769539362033,0.4240448895468602,0.037453289780178214,0.02645452024081618,0.00498532148295409,-0.41905956806390615
198804,0.007067806279064802,0.41752602130600214,0.012984969875863301,0.005917163596798499,-0.03549130556273139,-0.4530173268687335
198805,0.03751721730020336,0.39576623685098455,0.028513888580815494,-0.009003328719387868,-0.048915778151234324,-0.44468201500221893
198806,0.05610499561645227,0.3648918234223587,-0.004434262108508459,-0.06053925772496073,-0.07235273385605126,-0.43724455727840994
198807,0.019358809464654524,0.3156983619370414,0.01055939998545119,-0.008799409479203334,-0.0647522392295993,-0.38045060116664076
198808,0.009021210763079417,0.3010864623613537,-0.010783769137800898,-0.019804979900880315,-0.07338805960255151,-0.37447452196390524
198809,0.0020519805263532853,0.28490151974116307,0.005050682456133049,0.0029987019297797635,-0.06333165562949014,-0.34823317537065324
198810,-0.02420659519662168,0.30062240536351126,0.02904108923275972,0.0532476844293814,-0.056733366636526256,-0.35735577200003754
198811,0.014604207321109983,0.3345327387797476,0.042579520225474315,0.027975312904364332,-0.08027592580789908,-0.4148086645876467
198812,0.012161589996721687,0.3113876103833735,-0.011706296879412879,-0.023867886876134566,-0.12912669451173148,-0.440514304895105
198901,0.05841831479159441,0.2959178993944417,0.01313001659701596,-0.04528829819457845,-0.12353760405985985,-0.41945550345430155
198902,-0.05132260809159292,0.24963669285778897,-0.0390932266143254,0.012229381477267518,-0.14122139971944891,-0.3908580925772379
198903,0.04977363069974068,0.2965737613097484,0.012158937129625885,-0.0376146935701148,-0.10188512520409543,-0.3984588865138438
198904,-0.006040636968451092,0.25210193521646684,-0.004229414092723002,0.0018112228757280902,-0.11798647587982813,-0.37008841109629503
198905,0.01716136457741317,0.269570842829566,-0.03967717147871462,-0.05683853605612779,-0.11426974303536647,-0.38384058586493247
198906,0.002142680970878912,0.26201745175854896,0.006209734964175324,0.004067053993296412,-0.07976945359691466,-0.34178690535546363
198907,-0.019183347046882376,0.2517824821106747,0.026080274612283808,0.045263621659166184,-0.093434777141329,-0.3452172592520037
198908,0.036499101263828285,0.27361377265878134,0.003495477328248937,-0.033003623935579346,-0.12769636375219587,-0.40131013641097724
198909,-0.010459463537145192,0.21403255806047744,0.014741285092040424,0.025200748629185615,-0.14641121374735272,-0.36044377180783016
198910,0.018211253632599254,0.2346085147315146,0.007455213929710454,-0.0107560397028888,-0.17204334325528833,-0.4066518579868029
198911,0.007481315808217158,0.2268005613223609,0.009884169341780021,0.002402853533562863,-0.1850436489291351,-0.411844210251496
198912,-0.004290450737627781,0.2158921195820782,0.01492619624329076,0.01921664698091854,-0.20094186362848288,-0.4168339832105611
199001,-0.01615454930504309,0.23303199570288444,-0.008520127878530011,0.007634421426513078,-0.21733039784180921,-0.45036239354469365
199002,0.010308529290545211,0.25446861453657865,0.003787264809450019,-0.006521264481095193,-0.20336787168216436,-0.45783648621874307
199003,0.0030872608033885576,0.24545633049155408,0.006529764889105616,0.0034425040857170583,-0.20660538632514805,-0.45206171681670215
199004,-0.0024886563571628866,0.24525738095402036,0.005119346425945803,0.00760800278310869,-0.20781338166511895,-0.4530707626191393
199005,0.016157351671101435,0.22730563945583854,0.012170363484562165,-0.0039869881865392705,-0.2159841897692934,-0.44328982922513194
199006,0.018870062322245154,0.20700154941470095,0.027379527486152716,0.008509465163907562,-0.23844140772162228,-0.44544295713632326
199007,-0.020567322654982425,0.1887109769381589,0.02472451732679357,0.045291839981775994,-0.25167309949753625,-0.4403840764356951
199008,-0.01797689468338951,0.19911311351622565,0.017581866172056152,0.03555876085544566,-0.26742632863139115,-0.46653944214761683
199009,0.027499213711309624,0.1886509471950361,0.014944214416007979,-0.012554999295301645,-0.26146549935361113,-0.45011644654864724
199010,0.001860082578733862,0.16553445630116823,0.0199502260172235,0.018090143438489636,-0.2674848817227208,-0.43301933802388903
199011,-0.01817534300275146,0.16136296783383747,-0.00660736746641578,0.011567975536335678,-0.2601156200104966,-0.42147858784433406
199012,2.554849328842662e-4,0.16758511830072748,-0.00389654602425506,-0.004152030957139326,-0.2448901190182125,-0.41247523731894
199101,-0.017020147409737875,0.16160945635633775,0.013460667748836436,0.03048081515857431,-0.22560888227434533,-0.3872183386306831
199102,0.025755231274830825,0.15007782226636612,0.002372482202935966,-0.02338274907189486,-0.23250935392885375,-0.38258717619521987
199103,0.039433019458011746,0.1301979177556617,-0.04438098009231677,-0.08381399955032852,-0.20996490091359948,-0.3401628186692612
199104,0.0033403153951115884,0.1476018923798454,0.010144465305457557,0.0068041499103459685,-0.12371202289432762,-0.27131391527417303
199105,0.002104296608170764,0.15121553096457366,-0.00914800882348692,-0.011252305431657684,-0.12266046309140555,-0.27387599405597923
199106,-0.01333721995216464,0.15925022719251572,-0.031040389317879353,-0.017703169365714713,-0.09978042652876515,-0.25903065372128087
199107,0.018640144337092414,0.18103932459448907,0.02802039577978129,0.009380251442688878,-0.054774866394764456,-0.23581419098925352
199108,-0.004528618040935964,0.1749949917285015,0.0059004749426560905,0.010429092983592054,-0.06510455283875641,-0.2400995445672579
199109,0.020818301765467173,0.18300427551724657,0.04572533944771487,0.024907037682247696,-0.051137162949434635,-0.2341414384666812
199110,0.016621018526712585,0.17511725657889998,0.007339599558369426,-0.009281418968343157,-0.07447513758882635,-0.24959239416772633
199111,0.0070438516660125735,0.1597731103613532,0.021344637818033543,0.01430078615202097,-0.07124581437370683,-0.23101892473506003
199112,0.010317003107863619,0.16394226577266896,0.04544525240908056,0.03512824930121694,-0.0691921050482282,-0.23313437082089716
199201,0.022238244170177307,0.18010487336363526,-0.012464471356851381,-0.03470271552702869,-0.08046352497176452,-0.2605683983353998
199202,-0.005686971808489337,0.15727640277115815,-0.008667160622985368,-0.0029801888144960313,-0.053720091207266125,-0.2109964939784243
199203,-2.411628589646137e-4,0.16110621595225302,0.001783018404569094,0.0020241812635337078,-0.02916525445027696,-0.19027147040252998
199204,-0.011136489773146224,0.1739759686270139,-0.004337068594621263,0.00679942117852496,-0.004634423563850773,-0.17861039219086466
199205,0.003545273840278352,0.19254628297322357,0.029297207447249275,0.025751933606970923,0.016985305522972408,-0.17556097745025115
199206,0.010007970271934064,0.20087377001238432,0.045500000832967714,0.03549203056103365,0.015150584165543605,-0.1857231858468407
199207,-0.008823544367931407,0.20390739947452116,0.01378725444291708,0.022610798810848487,0.006779409481461619,-0.19712798999305953
199208,-0.027718296572179824,0.22069748447744741,0.020872527422587595,0.04859082399476742,0.01671508535241121,-0.2039823991250362
199209,0.04610067700049405,0.2596478710112102,0.00671220823868427,-0.03938846876180978,0.0288931629024614,-0.23075470810874876
199210,0.04294429891769197,0.22931157517085213,-0.01797351906821096,-0.06091781798590293,0.03930037159779874,-0.1900112035730534
199211,0.056747900367990725,0.1823934004950632,-0.019649889627827054,-0.07639778999581778,0.09365768800241865,-0.08873571249264456
199212,0.015248331619001859,0.13187086568520665,0.0028341307360194583,-0.012414200882982401,0.13322900059238316,0.0013581349071765142
199301,0.004230097542982186,0.13671128606061098,0.002662158563893138,-0.0015679389790890475,0.15247000511603648,0.0157587190554255
199302,-0.009290637738330745,0.16017992582132656,-0.0031711048018837834,0.006119532936446961,0.17159100088650578,0.011411075065179221
199303,0.01410107931954931,0.18726716097838578,0.032368233790260846,0.018267154470711536,0.19047369888418889,0.003206537905803107
199304,0.0056213165771099305,0.1749764200322187,0.03627759382822389,0.03065627725111396,0.16453547308855757,-0.010440946943661128
199305,-0.01831131568439884,0.16761276045801077,9.520938676949587e-4,0.0192634095520938,0.1334227817079882,-0.034189978750022575
199306,-0.007067831105650034,0.19889150353498322,-0.03877756613630918,-0.031709735030659145,0.14291239885155382,-0.05597910468342941
199307,0.01983178384504232,0.21788346073827836,0.021449247165643635,0.001617463320601315,0.1855666744266387,-0.032316786311639624
199308,-0.010620240487476776,0.21329950804795533,0.005313158894235217,0.015933399381711993,0.17225492376136356,-0.04104458428659178
199309,-0.023053251121587404,0.23547244127023378,-0.018472644741981913,0.00458060637960549,0.1746168404578196,-0.06085560081241418
199310,0.04617741642479119,0.2720009978699915,0.021795075914333013,-0.024382340510458175,0.19325541838287488,-0.07874557948711662
199311,-0.008831362908003614,0.23870205802537053,-0.01769716600234351,-0.008865803094339897,0.18023694136114454,-0.05846511666422596
199312,0.03274337340340535,0.25149720066815723,0.02446026598856591,-0.008283107414839438,0.19331047263868217,-0.058186728029475054
199401,0.03208486439472764,0.22771343910257869,0.037381799608507474,0.005296935213779837,0.16807573661323424,-0.059637702489344434
199402,-0.029433647651653117,0.21243683609156302,-5.702784602914818e-6,0.029427944867050203,0.1351640786724276,-0.07727275741913543
199403,-0.021386014508311853,0.2541474577357995,-0.00682815350215918,0.014557861006152674,0.14076528244743702,-0.11338217528836247
199404,-0.0023248155400924196,0.27570430227322024,0.012537658665655212,0.014862474205747631,0.15198425045694305,-0.12372005181627718
199405,0.018948297039749814,0.2851982691983057,0.014844266274868723,-0.004104030764881091,0.14256761572556792,-0.1426306534727378
199406,-0.04372928371667283,0.2771316504291539,0.003513244879035516,0.04724252859570835,0.13382574835934427,-0.14330590206980962
199407,0.01350465621093241,0.32826718931037313,0.0025080474129436816,-0.010996608797988729,0.1331296163527172,-0.19513757295765594
199408,0.002700484196689722,0.3150320334555555,0.007251387167276935,0.004550902970587213,0.1313919279706283,-0.1836401054849272
199409,0.007803256986586887,0.3201586695644416,0.019465195865703576,0.01166193887911669,0.1306983031171261,-0.1894603664473155
199410,-0.015112424565902801,0.32193109707380957,0.00801232665551632,0.02312475122141912,0.11373323163480846,-0.20819786543900112
199411,0.03398510939635005,0.34364810141652175,-0.003071630484211953,-0.037056739880562004,0.10773656730647733,-0.2359115341100444
199412,-0.0026915179262951986,0.31465505067207306,-3.981166463007807e-4,0.002293401279994418,0.12360342956742805,-0.19105162110464502
199501,-0.021636617832386688,0.3303560756497416,-0.002214142262603063,0.019422475569783625,0.1341506213056484,-0.19620545434409323
199502,-0.01077878470212102,0.3524762534554038,0.009263500584573585,0.020042285286694606,0.14474895946404684,-0.20772729399135692
199503,-0.09310451876533762,0.37046796273186183,0.0015369976883672736,0.0946415164537049,0.14870172627095307,-0.22176623646090876
199504,-0.022148053770472423,0.45284439158215567,0.01781103197134979,0.03995908574182221,0.1561027209656114,-0.2967416706165443
199505,0.012989477366459841,0.43868240990050267,-0.00767514783808735,-0.02066462520454719,0.1498956121298577,-0.288786797770645
199506,0.005419815307782029,0.42731440630265977,-0.0032128853809808224,-0.00863270068876285,0.1598897379324083,-0.2674246683702515
199507,0.036009168592414056,0.43614301572237313,0.020360690909319874,-0.015648477683094183,0.16752472112638522,-0.2686182945959879
199508,0.06169209278489063,0.39782420192734785,-0.00806945387721814,-0.06976154666210876,0.14967582434463522,-0.2481483775827126
199509,0.00575098941900554,0.3325095140733574,0.028882748180722888,0.023131758761717348,0.1654789732311856,-0.1670305408421718
199510,0.02316827764784324,0.3256413641935163,0.0143093597808905,-0.008858917866952738,0.14430333956296468,-0.18133802463055163
199511,0.012129588231696898,0.3054895256439221,-0.007944545857503298,-0.020074134089200196,0.14220373932075397,-0.16328578632316815
199512,0.011562915533631549,0.30212409597789985,0.0028990653484716063,-0.008663850185159942,0.15464876288524698,-0.14747533309265284
199601,0.013858708567438469,0.3133690667006107,-0.02012646423384685,-0.03398517280128532,0.15815771880181057,-0.15521134789880012
199602,0.006976230551754751,0.30471152298890586,0.016469372436532823,0.009493141884778072,0.1875573087565904,-0.11715421423231548
199603,0.014978860779374707,0.3054452337466948,0.003851368975181144,-0.011127491804193564,0.17325818845296576,-0.13218704529372904
199604,0.00972748449179249,0.3038405109887528,-0.010557639703065613,-0.020285124194858103,0.17826971428653327,-0.12557079670221954
199605,0.028678644349430973,0.3064209512753156,0.010025295916597487,-0.018653348432833488,0.1869425519632928,-0.11947839931202281
199606,0.01072627561587107,0.283871568052159,0.007129751755395748,-0.0035965238604753224,0.1743662605431498,-0.10950530750900925
199607,-0.026188421597780842,0.2777013172188284,0.001023904996031595,0.02721232659381244,0.16701231372303896,-0.11068900349578946
199608,0.0027869590530720215,0.30787717300388334,0.00471520953573954,0.0019282504826675186,0.16454127751392664,-0.14333589548995673
199609,0.02489184161338193,0.3090085555157955,2.206236964648013e-4,-0.024671217916917128,0.15807135796467617,-0.1509371975511193
199610,0.023026443443373977,0.2879663271711675,0.022770607729477643,-2.5583571389633315e-4,0.15715509048110407,-0.1308112366900634
199611,0.007087483357574977,0.2750048508473573,-0.004071086288145367,-0.011158569645720344,0.1408903266442385,-0.1341145242031188
199612,0.009711974306746238,0.2676218519273856,-0.008214544305932596,-0.017926518612678834,0.1442635525491968,-0.12335829937818882
199701,0.01740652584722516,0.26342128109250856,-0.025515595742705382,-0.04292212158993054,0.15759937877924318,-0.10582190231326538
199702,-0.011048937961773177,0.2531405014931471,-0.01940049919518038,-0.008351561233407204,0.19495520805080035,-0.05818529344234678
199703,-0.003424412745194975,0.2870017008751324,-0.0027221135943325736,7.022991508624015e-4,0.22602306117493282,-0.06097863970019956
199704,-0.020871106672006583,0.29502500446313445,-0.030327426033455653,-0.009456319361449072,0.2332552063115601,-0.061769798151574365
199705,-0.0017875177038831468,0.3207140702370401,0.009584916737861186,0.011372434441744333,0.26376247815916704,-0.056951592077873106
199706,0.0033820532842149705,0.3176198739115883,-0.00968637942897397,-0.01306843271318894,0.2390757247747902,-0.07854414913679812
199707,3.1278175086277976e-4,0.3108995929171668,-0.030610355499595517,-0.030923137250458296,0.23342983907941886,-0.07746975383774793
199708,0.026238752424328618,0.3047261294137918,0.012107722799095107,-0.014131029625233509,0.2507915890490123,-0.05393454036477956
199709,0.03564765580369077,0.2740562818252521,0.030709760484504536,-0.004937895319186232,0.23164026703249893,-0.04241601479275316
199710,0.013135775778457015,0.23121202497241994,0.0032322333014078203,-0.009903542477049195,0.18840143016284971,-0.04281059480957022
199711,-0.018876411792017413,0.21347910346042281,-0.024414338437344172,-0.005537926645326758,0.17658840248751656,-0.03689070097290625
199712,0.022194051580703863,0.2246932745232841,-0.020846473207376353,-0.043040524788080216,0.19426396962566536,-0.030429304897618744
199801,-0.022783638695774436,0.21342797389781443,-0.013182771252073011,0.009600867443701425,0.20806525339364992,-0.005362720504164506
199802,0.012037712677141585,0.22946858566866177,0.013298971610786733,0.001261258933645148,0.20837767508368352,-0.021090910584978244
199803,0.0013726219673174701,0.21374511646750258,-0.02461608905377997,-0.02598871102109744,0.18009605819714353,-0.03364905827035906
199804,0.010566601755441048,0.21299645997797656,0.008837037197543685,-0.0017295645578973631,0.19611166546484407,-0.01688479451313251
199805,0.004518474112452896,0.20501240528595155,-0.024168629178274847,-0.028687103290727742,0.18567494924355837,-0.019337456042393196
199806,-0.003973006904673354,0.2066291501687827,-0.009699541266357303,-0.005726534361683949,0.2085162734487541,0.0018871232799713873
199807,-0.016087192495232584,0.2157774941105248,-0.02418440217107381,-0.008097209675841224,0.22220701213568422,0.006429518025159422
199808,-0.007755244314026024,0.23760943847726998,-0.014794666468962114,-0.00703942215493609,0.25307589406983116,0.015466455592561181
199809,-0.01659517508729389,0.259790097985982,0.0285555814579515,0.04515075654524539,0.27231418147300257,0.01252408348702056
199810,0.07390561362535168,0.26460066414141914,0.07698898229002997,0.003083368664678287,0.23832694550696004,-0.0262737186344591
199811,0.012212176624752165,0.19698218502819867,-0.010612697092520395,-0.02282487371727256,0.1661858495364265,-0.030796335491772145
199812,0.02281402841738056,0.19118675849665023,0.02718109130556562,0.004367062888185059,0.1790226048882285,-0.012164153608421744
199901,0.014078385760158425,0.1772234466035318,0.0031447805382961618,-0.010933605221862264,0.15809607464812503,-0.01912737195540674
199902,0.023318469424552103,0.15425783206067054,-0.01490717661759298,-0.03822564604214508,0.1555443167631132,0.0012864847024426553
199903,8.912248955984531e-4,0.13173388931776028,4.370326617691002e-5,-8.47521629421543e-4,0.17342558721117868,0.04169169789341838
199904,-0.0034900369323955472,0.1429558364140491,0.00128549405962296,0.004775530992018507,0.1799332307303564,0.036977394316307324
199905,9.525722985594814e-5,0.1658421284710029,-0.01979769296517481,-0.01989295019503076,0.2053313233789077,0.03948919490790479
199906,-0.0025839458152624875,0.1645157973497135,-0.009753684190305848,-0.00716973837504336,0.2244536171683821,0.059937819818668595
199907,0.031050529019538108,0.1686980424910015,0.03883663267368702,0.0077861036541489095,0.23401970098223426,0.06532165849123275
199908,0.015749180900001533,0.13957177783659638,0.01057375718138363,-0.005175423718617902,0.20372088819014114,0.06414911035354476
199909,-0.008191360628869828,0.13318332835144336,0.010777877876350392,0.01896923850522022,0.2064850736816203,0.07330174533017696
199910,-0.0010924879497392157,0.16012408826694335,-0.007728921154476868,-0.006636433204737652,0.2185635296462814,0.05843944137933806
199911,-0.007674606953813286,0.17594299244871714,-0.028664073659308002,-0.020989466705494716,0.24799739884066418,0.07205440639194707
199912,-0.016012107171949876,0.2030791214075683,-0.006010832275459852,0.010001274896490022,0.2931745783378958,0.09009545693032747
200001,-0.027771967340254937,0.22693587114651823,-0.0353044431387673,-0.007532475798512362,0.30145005373267253,0.07451418258615429
200002,-0.0027312555910256123,0.25754383816894233,-0.024269617481559307,-0.021538361890533694,0.3482084364671246,0.09066459829818231
200003,-0.005484822604718168,0.25548859722980055,-0.0027338214858041937,0.002751001118913975,0.37039458902589806,0.1149059917960975
200004,-0.018264579229150806,0.2705383783733794,-0.04741414893130712,-0.029149569702156312,0.38121091865139883,0.11067254027801943
200005,0.019324040243912176,0.2862725305839311,-0.004667220829946838,-0.023991261073859016,0.4252463799041307,0.1389738493201996
200006,0.023118202130006947,0.2771939321987207,0.03862399168680516,0.01550578955679821,0.4344667286168396,0.15727279641811892
200007,-0.010339298256382797,0.2666051272706639,-0.027574512537249175,-0.017235214280866377,0.4065448242801025,0.13993969700943865
200008,-0.042146173147554665,0.28459924725439073,-0.04773002468192518,-0.0055838515343705165,0.4407227219181322,0.1561234746637415
200009,-0.006715969960521248,0.32983099523054926,-0.02018232634967035,-0.0134663563891491,0.48707342927347147,0.15724243404292218
200010,-0.013872305901835368,0.3465624048010184,-0.03343853575044871,-0.01956622984861334,0.5050994436526837,0.15853703885166523
200011,0.0442417561328156,0.3639903054398517,0.029934371926606914,-0.014307384206208685,0.5371788220688042,0.17318851662895246
200012,0.05160024109582646,0.3250286271684784,0.07770538661773098,0.026105145521904512,0.5087348142126488,0.1837061870441704
200101,0.007926479098257683,0.2854881601338774,-0.005931189918740077,-0.01385766901699776,0.4286628179159326,0.14317465778205515
200102,-0.011734536513838439,0.28288496081685893,-0.02611599246569335,-0.01438145595185491,0.4427929926350378,0.1599080318181788
200103,-0.01823785692786137,0.3009266367193827,-0.04743454390768502,-0.02919668697982365,0.4732645402141568,0.17233790349477413
200104,0.006556051248101227,0.32536153277065244,0.018757086073178456,0.012201034825077228,0.5240461406177259,0.19868460784707348
200105,-0.03092344796620308,0.32549576553351356,-0.030526142066139406,3.9730590006367456e-4,0.5103735517882645,0.18487778625475096
200106,-0.0062520317803327445,0.35739044426985833,-0.010837205094793434,-0.00458517331446069,0.5403385658638509,0.1829481215939926
200107,0.020788096382962147,0.36236916266391067,0.024063402947656017,0.0032753065646938698,0.5487899279760342,0.1864207653121235
200108,0.0297739493189803,0.3344304323123932,0.04262145680178117,0.01284750748280087,0.51985567976549385,0.18542524745310068
200109,-0.03966856965330393,0.30495944820183574,-0.040028515129800456,-3.5994547649652434e-4,0.47513246635541506,0.17017301815357933
200110,0.02517974547383462,0.3481423971672565,0.011954604988165488,-0.013225140485669133,0.5182831381679166,0.17014074100066012
200111,0.014220524375060812,0.3215456007126668,0.008923103262997044,-0.005297421112063768,0.4989235495406986,0.17737794882803185
200112,0.015706154439808117,0.2977446927234332,0.004230793094401924,-0.011475361345406193,0.48523814140759475,0.1874934486841616
200201,0.0074150729031523515,0.27945911700586623,-0.007873066972269362,-0.015288139875421713,0.4678003910415556,0.18834127403568932
200202,0.015906223907250546,0.2625578377101356,0.015319971905403846,-5.862520018467014e-4,0.46668604593191343,0.20412820822177788
200203,0.023923789657098668,0.23972781220898856,0.031785815503408615,0.007862025846309947,0.4435971520602857,0.20386933985129715
200204,-0.012151346176016695,0.20843239506594238,0.015781629467445844,0.02793297564346254,0.4071885939682128,0.19875619890227042
200205,0.03435654496541714,0.2151431738392653,0.06191351822533661,0.02755697325991947,0.386596750742072,0.17145357690280671
200206,-0.010664187085493698,0.17778616034650088,0.030122484059008473,0.04078667114450217,0.3133092825647149,0.13552312221821405
200207,-0.021218353414934468,0.18898669854043446,-0.027724926553635475,-0.006506573138701008,0.27223364101012415,0.08324694246968968
200208,0.014944811467513619,0.20624661415179915,0.007969949859012792,-0.006974861608500827,0.2910049125085796,0.0847582983567805
200209,-0.0047278916533834625,0.1943998481539052,0.005541499739914696,0.010269391393298159,0.2783168952127116,0.08391704705880636
200210,0.020932796711219274,0.1983113748434358,0.02664251316012176,0.005709716448902484,0.2605903542621657,0.06227897941872992
200211,0.007831207153662867,0.16645466287557195,0.01914461012183459,0.011313402968171724,0.22725500822329706,0.06080034534772511
200212,-0.008738440550073695,0.1475776389961002,0.040654195616944167,0.04939263616701786,0.2005382395457107,0.052960600549610506
200301,0.021711830527487666,0.15366969520120696,0.03400487041395624,0.01229303988646857,0.1455189329122573,-0.008150762288949669
200302,0.03926245583037799,0.1253253556146712,0.022862935612863854,-0.01639952021751414,0.10752408981169395,-0.017801265802977258
200303,0.005783165036086064,0.11517835450847459,0.006228679746966559,4.4551471088049525e-4,0.1024414432083537,-0.012736911300120881
200304,-0.010285851024743182,0.11107564640731936,0.02089617908362923,0.03118203010837241,0.10172727750005842,-0.009348368907260934
200305,-0.014964049950997461,0.11961875651481993,0.03202056306582683,0.04698461301682429,0.08151570533103425,-0.038103051183785694
200306,0.017085301474059553,0.13448455622741975,-0.005742673185709449,-0.022827974659769,0.04981863806318755,-0.08466591816423219
200307,0.007680871078066483,0.13944695340598046,-0.015731341379204147,-0.02341221245727063,0.058512576333028296,-0.08093437707295216
200308,-0.004064389319109489,0.14148096812700395,-0.0016178446383885111,0.002446544680720978,0.08172417143901897,-0.05975679668798497
200309,0.023056487349595103,0.1615341858358183,0.06242035007517931,0.0393638627255842,0.09602716277151502,-0.06550702306430328
200310,-0.02273271549816934,0.1466838617634768,0.013146995902396194,0.035879711400565534,0.03917219672183775,-0.10751166504163907
200311,-0.012168433096225405,0.1669555881603165,0.016936339485932025,0.02910477258215743,0.025469485420690018,-0.14148610273962647
200312,0.0054657940219310155,0.18390687431724767,0.03707360629613566,0.031607812274204644,0.012012856333674833,-0.17189401798357284
200401,0.0039764333389340515,0.16989773369287364,0.00648905374481986,0.0025126204058858086,-0.032335218675838724,-0.20223295236871236
200402,-0.02219132312407473,0.17215650995219967,-0.009146417826017104,0.013044905298057623,-0.023844270032434067,-0.19600077998463372
200403,0.02296155400195701,0.19884385364094423,0.014240985323218497,-0.008720568678738513,-0.0014541544966254205,-0.20029800813756965
200404,0.01114871210814801,0.17928584279553098,-0.03469934685723075,-0.04584805896537876,-0.01164391502115195,-0.19092975781668292
200405,0.012456105938955485,0.17284820174654908,0.01715167894079502,0.004695573001839534,0.031190608066804362,-0.1416575936797447
200406,0.005069776904677692,0.16331288065850297,1.5734280697350298e-4,-0.004912434097704189,0.02038859259410791,-0.14292428806439506
200407,-0.009088442305054803,0.1533800471278644,-0.011772819146691224,-0.0026843768416364216,0.01678774411043439,-0.13659230301743003
200408,-0.011399927225555974,0.17075482915798748,0.011690492446735274,0.023090419672291248,0.030647159908552234,-0.14010766924943527
200409,-0.017521307360498145,0.18853999468000737,0.010940302105209545,0.02846160946570769,0.02138326334935683,-0.16715673133065054
200410,5.963614689443314e-4,0.21127379719505088,0.02758585964808604,0.02698949817914171,0.012096491077570808,-0.19917730611748008
200411,-0.0068645378249086245,0.22087971832862618,0.04025688101271923,0.047121418837627854,-0.015164327207282353,-0.23604404553590852
200412,-0.004634578975482423,0.24104120808535134,0.004174735210756982,0.008809314186239404,-0.051693681578653713,-0.29273488966400507
200501,0.0036585117209629904,0.24941248967633867,-0.0210473366869546,-0.02470584840791759,-0.06350981769975864,-0.31292230737609733
200502,-0.019216158244296684,0.2617840256779824,0.007067180473468647,0.02628333871776533,-0.03988301349653272,-0.30166703917451515
200503,0.004565340051413909,0.28965231301521926,-0.01601790349064908,-0.02058324354206299,-0.05090842750740937,-0.34056074052262864
200504,-0.010011958516374068,0.29370056113285276,0.00443298607223714,0.014444944588611208,-0.034357770604145806,-0.32805833173699855
200505,0.004989145467926663,0.3155298930409723,-0.024299166934293365,-0.02928831240222003,-0.0384400054962422,-0.3539698985372145
200506,-0.008812110388114695,0.31647216505933706,-0.01716890918100688,-0.008356798792892185,-0.025973946589424517,-0.3424461116487616
200507,-0.003254964741514211,0.33139882695697864,-0.007685224591681448,-0.004430259850167237,-0.012270273971908215,-0.34366910092888686
200508,0.008818404940296547,0.3348551535670183,0.016067984581931698,0.0072495796416351494,-0.004153790614813281,-0.33900894418183153
200509,-0.02097673920130756,0.324991451554845,-0.02033064645455822,6.460927467493399e-4,-0.02542160045388632,-0.3504130520087313
200510,-0.015377074834439435,0.34320679253215636,-0.0178496044746239,-0.0024725296401844656,-0.012874859956462169,-0.35608165248861856
200511,-0.018731436212238183,0.3536961449508955,-0.02471360466160715,-0.005982168449368969,-0.0052846472787257265,-0.3589807922296212
200512,0.01912986354468936,0.37200958266359124,0.003921004324230841,-0.01520885922045852,0.004478338159144519,-0.3675312445044467
200601,0.0041158213905575294,0.3446337159131754,0.02300153964148214,0.01888571825092461,-0.027772720057156496,-0.3724064359703319
200602,0.005488580172505721,0.3386449846629467,-0.013434145498093717,-0.01892272567059944,-0.05565181755032331,-0.39429680221327
200603,0.03676719499607395,0.3272315815074866,-0.008606857193289633,-0.04537405218936358,-0.04944612933239206,-0.37667771083987867
200604,-0.011463117080332125,0.29072295522910807,0.04111374678917201,0.05257686386950414,-0.04215631457680864,-0.3328792698059167
200605,0.02087919682457228,0.2964042805841559,0.0244467352271812,0.0035675384026089205,-0.0836823343211116,-0.3800866149052675
200606,0.010677362821372391,0.2696308661875233,-0.015040643978677838,-0.02571800680005023,-0.1117541349629041,-0.3813850011504274
200607,-0.01387747565166007,0.254608638391989,0.002198775613783042,0.01607625126544311,-0.10551779040493246,-0.3601264287969214
200608,-0.014947993965803163,0.2760857490906533,-0.0017548395043893899,0.013193154461413772,-0.10495401807440838,-0.38103976716506166
200609,-0.004390436105013896,0.29077954523793387,-0.013821408396518589,-0.009430972291504693,-0.11268174569301474,-0.40346129093094857
200610,-0.019092264516360893,0.2858594569013189,0.0027320762252653506,0.021824340741626244,-0.10350920377810711,-0.38936866067942605
200611,0.015702056890501404,0.2915757664217372,0.031507592291251225,0.01580553540074982,-0.118332028257454,-0.40990779467919125
200612,-0.03143401613242546,0.28474809882529467,-0.020083933997417334,0.011350082135008129,-0.13647228186611332,-0.421220380691408
200701,0.0030001195966311844,0.30666567123502186,-0.016867017965670285,-0.01986713756230147,-0.11176010726747926,-0.4184257785025011
200702,0.002998988810517819,0.2997687617291073,0.016498721882178977,0.013499733071661158,-0.08659356730602223,-0.38636232903512957
200703,-0.015334132506087676,0.29690890461340963,0.002704356422110866,0.01803848892819854,-0.09663221678055853,-0.3935411213939682
200704,-0.032665173435625014,0.3095189512022175,0.002275399430818716,0.03494057286644373,-0.08950780027601143,-0.3990267514782289
200705,-0.02048045613459858,0.3329995090386881,-0.018963219053716993,0.001517237080881586,-0.08526940366623359,-0.41826891270492167
200706,-0.030310619274157537,0.34515486670301043,-0.0014614439910804794,0.02884917528307706,-0.060154982894207315,-0.4053098495972177
200707,0.02024356254280547,0.36988904374935105,0.022883183991096137,0.002639621448290666,-0.04981915032352066,-0.4197081940728717
200708,0.056477829613834185,0.35191009183635474,0.008862778574383475,-0.04761505103945071,-0.05817077151238167,-0.4100808633487364
200709,-0.04480087959369028,0.29168291475105623,0.029915483770719394,0.07471636336440968,-0.05667503281105882,-0.348357947562115
200710,-0.03559536355864458,0.33755886663122664,0.003436383054976889,0.039031746613621465,-0.06921730307680474,-0.4067761697080313
200711,0.04820195957163677,0.36037297354198566,0.016995266419767865,-0.0312066931518689,-0.06800865208653518,-0.42838162562852083
200712,-0.013328591187526778,0.3069361012471878,-0.01167339486363204,0.001655196323894739,-0.06931347841513943,-0.3762495796623272
200801,0.03165944378289238,0.2986610811850939,0.03801549202809871,0.00635604824520633,-0.06833371767568482,-0.36699479886077874
200802,-0.00989379565930052,0.2642531625005384,0.02771779101592009,0.03761158667522061,-0.09723728955195529,-0.36149045205249364
200803,0.059473403317316986,0.2649170724556603,0.04230085433729766,-0.017172548980019322,-0.1214389056921092,-0.3863559781477695
200804,-0.04074732640255184,0.2114564837533089,-0.027870836640991072,0.012876489761560764,-0.13394793976970876,-0.34540442352301765
200805,-0.018189681696146716,0.24512794159039056,-0.007053375289867721,0.011136306406278995,-0.08987065826581599,-0.33499859985620656
200806,0.0063611310848423345,0.2465434229505828,0.0014855681750960545,-0.00487556290974628,-0.07639432632780199,-0.32293774927838476
200807,-6.810289339586554e-4,0.22049006098563245,-0.012049410091710924,-0.011368381157752268,-0.07157094781440367,-0.2920610088000361
200808,0.016144554788383343,0.22375403092166093,-0.04241471359587765,-0.058559268384260996,-0.04231695979721625,-0.2660709907188772
200809,0.04379000847211981,0.19914046680129918,-0.010241851567526359,-0.05403186003964616,8.454036600554649e-4,-0.1982950631412437
200810,0.10628741081781046,0.16245332018671896,-0.02743659627641184,-0.1337240070942223,0.022458725466558707,-0.13999459472016024
200811,-0.021223375165812672,0.11079800768862112,-0.0377511144237486,-0.01652773925793593,0.08541857798548386,-0.025379429703137276
200812,-0.03923881475191158,0.15158113158364764,0.007873818419030747,0.047112633170942324,0.12668288726029864,-0.024898244323349004
200901,0.013458926820645867,0.2297207242778742,-0.03645254061961668,-0.04991146744026255,0.12154325998149466,-0.10817746429637955
200902,0.020210013219579086,0.24017232309311834,-0.02200449857642803,-0.04221451179600712,0.18780952520135255,-0.0523627978917658
200903,0.05205747687180541,0.2330677098722926,0.07446068269789477,0.022403205826089356,0.2203322143194632,-0.012735495552829386
200904,0.018269981296392693,0.19289252579483362,0.027200320798882714,0.008930339502490019,0.1640225317350153,-0.028869994059818337
200905,0.005889111028279423,0.1898187489852158,0.08277067040523615,0.07688155937695673,0.14627026506790436,-0.04354848391731144
200906,0.024822727777201306,0.18911989489391348,0.003643846285905781,-0.021178881491295525,0.07448616648455472,-0.11463372840935876
200907,-0.006387576673057067,0.16449451152435932,0.031893169623958315,0.03828074629701538,0.08323761441670094,-0.08125689710765838
200908,0.006837690342812439,0.1773752262287521,0.010564683803175939,0.0037269934603635004,0.06234168170525598,-0.11503354452349611
200909,-0.022693557929611263,0.17347832125796467,0.00999770653929,0.03269126446890126,0.05776687583450078,-0.11571144542346389
200910,-0.005466982131795788,0.19653669761386397,0.007786123300413837,0.013253105432209625,0.04927381663589118,-0.14726288097797277
200911,-0.0052419660972662235,0.19649200522082558,0.01028398828702074,0.015525954384286963,0.04565587666140829,-0.15083612855941728
200912,-0.0046135603084754735,0.20273681904767102,-0.016227468752188293,-0.01161390844371282,0.045474332661681514,-0.15726248638598953
201001,0.004890063397634075,0.20069866973138412,-0.008822421343643153,-0.013712484741277228,0.05737855851136472,-0.1433201112200194
201002,-0.016748399393041895,0.19410179973565397,-0.013553733982716951,0.003194665410324943,0.07017429683004807,-0.1239275029056059
201003,-0.020632232543897143,0.20854782108339395,-0.0020447595906760542,0.01858747295322109,0.07662843174686286,-0.1319193893365311
201004,-0.004959622243348671,0.22539807915496682,0.003457476703917667,0.008417098947266338,0.07467112142522617,-0.15072695772974065
201005,0.018837842397941562,0.2277491484462523,-0.05473435714252119,-0.07357219954046275,0.07332473888269925,-0.15442440956355305
201006,0.0023861473673717944,0.22430685727661753,0.015452347241023035,0.01306619987365124,0.12787358274385702,-0.09643327453276052
201007,0.014310652721347822,0.2146574020093761,0.06158310979014433,0.04727245706879651,0.09593876169672604,-0.11871864031265007
201008,-0.02260666156884005,0.1974304201637991,-0.02101352848327858,0.0015931330855614694,0.030831381084093737,-0.16659903907970539
201009,0.008238254989827956,0.21894853599718256,0.06137489521278538,0.05313664022295742,0.03292661293264454,-0.18602192306453802
201010,0.002101034542127664,0.2090350316713991,0.020351132724147503,0.01825009818201984,-0.030740412074534096,-0.2397754437459332
201011,-0.01602309411296321,0.21596809205955203,-0.04254569063381111,-0.026522596520847902,-0.03964104184980849,-0.2556091339093605
201012,-0.0287683317602267,0.24017159653739184,0.030132994408160346,0.058901326168387044,0.013452504292145062,-0.22671909224524678
201101,0.027224811630104782,0.25996838267647193,0.022150437712135745,-0.0050743739179690385,-0.03023033410395,-0.2901987167804219
201102,0.0064684947633636865,0.23648666550131286,0.017869044236548576,0.01140054947318489,-0.03374181154338323,-0.2702284770446961
201103,-0.006991099114862577,0.23039727779969743,0.004586035159311774,0.011577134274174351,-0.051318063064962303,-0.28171534086465977
201104,-0.011819848860123432,0.24113435424221963,0.0410887492560056,0.05290859811612903,-0.04995903598506492,-0.29109339022728453
201105,-0.025332076916388627,0.25059786388987837,-0.02050495940570196,0.0048271175106866645,-0.08470730836684387,-0.33530517225672224
201106,-0.024167405380991394,0.2729162129343427,-0.007818125414251786,0.01634927996673961,-0.052481511590593596,-0.3253977245249363
201107,-0.037424045099347686,0.29620371918666477,0.008398467243739825,0.04582251234308751,-0.03609831949682817,-0.33230203868349295
201108,0.00683376873087967,0.3366460824657984,-0.004868739438604351,-0.011702508169484021,-0.03746926419003488,-0.3741153466558333
201109,0.03319046570525369,0.3227874809623645,-0.06176722443379025,-0.09495769013904394,-0.018580681525688075,-0.3413681624880526
201110,0.007504010585864501,0.30760031295388013,0.0459368715015503,0.0384328609156858,0.05712812486614288,-0.25047218808773725
201111,-0.011415493201438684,0.31358740261631485,-0.03269142420805856,-0.021275931006619876,0.02032682397176106,-0.2932605786445538
201112,-0.024263458047207163,0.3247899551634173,-0.021573053663063422,0.002690404384143741,0.058472359997533634,-0.26631759516588366
201201,-0.01304687329760695,0.3398823960150378,0.012415686966790872,0.025462560264397822,0.07176341689206302,-0.2681189791229748
201202,0.03500840321694135,0.3652277482520403,0.024481832010321503,-0.010526571206619841,0.07433149456871394,-0.2908962536833264
201203,0.01946791965985918,0.33689682809215915,-0.005213374798676114,-0.024681294458535296,0.04906450229332966,-0.2878323257988295
201204,-0.010438571673138313,0.31362254402238504,0.0020528050895854168,0.01249137676272373,0.06535782357984803,-0.24826472044253703
201205,-0.02830388154602148,0.3207180740110411,-0.06154788645145722,-0.03324400490543574,0.0688735691801673,-0.2518445048308738
201206,0.008662374050377012,0.34861137075392673,0.02941822447602967,0.020755850425652658,0.13775379262027826,-0.21085757813364844
201207,-0.022226034690941233,0.3406614053474748,-0.006820877349924013,0.015405157341017219,0.11495344987187851,-0.2257079554755963
201208,0.026659300262050458,0.35238651415999234,0.02305786626913327,-0.003601433992917188,0.130230638309102,-0.22215587585089033
201209,0.003385535144654282,0.32403653297034,0.01633343050328636,0.012947895358632078,0.11933885974211796,-0.20469767322822205
201210,0.011180705002258382,0.31417335439932204,-6.211769520309079e-4,-0.01180188195428929,0.11534377244627107,-0.19882958195305098
201211,0.007422114994822834,0.3021057235321175,-6.115146741597861e-4,-0.00803362966898262,0.11955879754638851,-0.18254692598572902
201212,0.02798071222539823,0.2895656896408104,0.01649180520209427,-0.011488907023303959,0.12786868396345116,-0.16169700567735923
201301,0.013745235844445498,0.24629143816323584,0.005371272314945159,-0.00837396352950034,0.10194775142495846,-0.14434368673827735
201302,-0.022160674695808326,0.2474967139538796,-0.03472774079746172,-0.012567066101653394,0.11311861986691807,-0.13437809408696152
201303,-0.0166488938120132,0.26083235831095203,-0.009575057649015882,0.00707383616299732,0.14867620839663317,-0.11215614991431884
201304,0.013850431232283723,0.2710266624409994,0.021383516596045017,0.007533085363761294,0.1476571457577535,-0.1233695166832459
201305,0.03330167842169576,0.25909121842998756,-0.02259840923014001,-0.055900087651835774,0.10748213906350913,-0.1516090793664784
201306,0.027749280670276318,0.22179933483370776,0.002919873854176411,-0.024829406816099908,0.10977504199492989,-0.11202429283877786
201307,0.008704626597840508,0.20005862022080864,0.016201783924393996,0.007497157326553488,0.10040120371488472,-0.09965741650592391
201308,0.018267118615260494,0.20946630809856243,0.003187042566833694,-0.015080076048426799,0.07982951159402474,-0.1296367965045377
201309,-0.031637944330550005,0.20714362031730688,0.02196008682878518,0.05359803115933518,0.068772345982777,-0.1383712743345299
201310,6.389119982445788e-4,0.25233585423920585,0.0029756258651447137,0.002336713866900135,0.04716723690839027,-0.2051686173308156
201311,-0.0010522534935311842,0.25712219876720543,-0.019557805969191433,-0.01850555247566025,0.04433326059707184,-0.21278893817013358
201312,-0.009227496573028092,0.2716138526937516,-0.0039414950030884095,0.005286001569939682,0.065813572606711293,-0.20580028008704032
201401,0.011274955340281969,0.2837706127278973,-0.005716785353436592,-0.01699174069371856,0.05439931501390301,-0.22937129771399425
201402,-0.012039276871037792,0.2802210556210806,0.01786029166457956,0.02989956853561735,0.06161436865040386,-0.2186066869706767
201403,-0.028405021525613684,0.2998177525183374,-0.0033520422875848556,0.02505297923802883,0.04881304338170198,-0.2510047091366355
201404,0.009508065155841041,0.32052396376585524,0.006953266897310375,-0.002554798258530666,0.06036073241781152,-0.26016323134804376
201405,0.0032073185868392645,0.29409480178442476,-0.0011040282319388294,-0.004311346818778094,0.05422938539667513,-0.23986541638774964
201406,-0.02380855299275923,0.2794018169564301,-3.6288955741933934e-4,0.02344566343533989,0.06275434409084328,-0.21664747286558686
201407,-7.083880451788822e-4,0.2843998776062408,-0.019887705079461162,-0.01917931703428228,0.06711670518663067,-0.21728317241961015
201408,0.0020489146058857727,0.26267491575718527,-0.004238512751151729,-0.006287427357037502,0.08902836486205189,-0.17364655089513337
201409,0.009800455054949031,0.24953841231871127,-0.04433614801257077,-0.0541366030675198,0.10151116418526933,-0.14802724813344192
201410,-0.019606364672448844,0.22519998414075007,-0.023297170267458492,-0.003690805595009648,0.14861381330408144,-0.07658617083666863
201411,-0.02339405585041994,0.23601104578361784,-0.03145517535023986,-0.00806111949981992,0.17412400635000583,-0.06188703943361199
201412,-0.022011228399814585,0.26315649346547493,-0.03449848324363383,-0.012487254843819249,0.20807041470754295,-0.055086078757931964
201501,0.008840626853402905,0.28292845048314563,-0.020297736487984844,-0.02913836334138775,0.2331246817679259,-0.049803768715219764
201502,0.007613256863796283,0.28235905544455864,-0.0017543872364651578,-0.009367644100261441,0.260807968265646,-0.021551087178912593
201503,-0.007818679507393726,0.2978893182569063,-0.02904126372392879,-0.021222584216535063,0.26640964957650287,-0.03147966868040343
201504,0.007539710755308588,0.2995743754398719,0.03361176300834412,0.026072052253035532,0.2998752886694983,3.0091322962635687e-4
201505,-0.003114313938068096,0.28895201912939983,-0.03091908695899653,-0.027804773020928434,0.26628588017929017,-0.022666138950109656
201506,0.0038890266274246594,0.2837505102626793,0.010482124499053135,0.006593097871628475,0.296884866683368,0.013134356420688739
201507,-0.0035929026754219773,0.2783849668433912,-0.02200055656288779,-0.018407653887465812,0.2900380753344858,0.011653108491094561
201508,0.014343437277318186,0.28210901514715453,-3.361739062684387e-4,-0.014679611183586625,0.3215468731173393,0.03943785797018476
201509,0.013158428428290755,0.2737569897323019,-0.0026724212906247915,-0.015830849718915546,0.334216502772733,0.060459513040431144
201510,-0.009744664011059546,0.2658055429535197,0.00614894310579159,0.015893607116851137,0.3424772104206716,0.07667166746715183
201511,0.01214520054425992,0.2720386712368907,-0.01970090857136433,-0.03184610911562425,0.34716938472353953,0.07513071348664883
201512,-0.005301568980082408,0.2574652612774217,0.006262615504381521,0.011564184484463929,0.3827444318888712,0.12527917061144953
201601,0.03561453078059208,0.2637353857048691,-6.764242046203551e-4,-0.03629095498521244,0.384128503350354,0.12039311764548491
201602,0.033035306281574334,0.21592476066067068,0.03813183571724293,0.005096529435668597,0.39240664776557943,0.17648188710490875
201603,6.565380091178574e-4,0.19376308171998174,0.04211792254532107,0.04146138453620321,0.3693784902256499,0.17561540850566817
201604,0.020672767341184062,0.19215590345047806,0.030914637296571595,0.010241869955387534,0.3287847545802572,0.13662885112977913
201605,-0.017374874617204165,0.17324458816544513,-0.03955298467266135,-0.022178110055457185,0.30487400010392374,0.1316294119384786
201606,0.040890735962461754,0.19120470844382095,0.02799833626962551,-0.012892399692836244,0.35189699055042784,0.16069228210660688
201607,-0.0060778562175579955,0.16222782773243183,-7.428073332394294e-4,0.0053350488843185665,0.3341396745517096,0.17191184681927782
201608,0.004715908035591428,0.16001192455130642,-0.0010780604705073616,-0.00579396850609879,0.3253642865044811,0.1653523619531747
201609,0.021180751345265432,0.15818571821925312,0.023071237223763127,0.0018904858784976955,0.3340309227246421,0.17584520450538893
201610,-0.005928933831486544,0.13664161487074733,-0.033126218218553924,-0.02719728438706738,0.31363196491246087,0.1769903500417135
201611,-0.010574652928998656,0.14067070321548378,-0.02742440621512489,-0.016849753286126232,0.340353839028333,0.19968313581284924
201612,0.0032228799124610777,0.16589707824889377,-0.00606386677923815,-0.009286746691699228,0.37247392690243175,0.20657684865353798
201701,0.004658703274681944,0.17135456015605116,0.03979206688358585,0.03513336360890391,0.3728526041849479,0.2014980440288968
201702,0.007318100084021964,0.18029478003213778,-0.007313955031464306,-0.01463205511548627,0.34091027079955705,0.16061549076741924
201703,0.009040869928332397,0.17824306262253237,-0.0029703202745851396,-0.012011190202917537,0.3392311964842144,0.16098813386168204
201704,-0.0020917995235810397,0.17209307174961275,-0.001067977398174186,0.0010238221254068537,0.34238598602577014,0.1702929142761574
201705,-0.014231095758738566,0.17293491622360974,0.01275119661478301,0.026982292373521576,0.33926615249005015,0.1663312362664404
201706,-0.011287420368899317,0.18263253764682005,0.004729215093319652,0.01601663546221897,0.32210626707360385,0.13947372942678377
201707,0.025004037938882128,0.18950284605681733,0.03634975890658268,0.011345720967700552,0.3167382097648028,0.1272353637079855
201708,0.023825436035797554,0.15921114999221053,0.005706266807609797,-0.018119169228187758,0.2702370267627143,0.11102587677050382
201709,-0.018787029905412842,0.1442315027688641,-0.018319887789531263,4.671421158815776e-4,0.2610666208725881,0.11683511810372398
201710,0.0075111605796463025,0.16450262637069696,-0.0198354136628347,-0.027346574242481003,0.2817787414820609,0.11727611511136393
201711,-0.01669241259984442,0.15281158710050402,-1.1903175501181513e-4,0.016573380844832605,0.2970687512086974,0.1442571641081934
201712,0.009583850803027247,0.16718589065731648,0.016208332160308335,0.006624481357281087,0.29780328601012634,0.1306173953528099
