Date,High_minus_Low,Cha_Spread,ret_High,ret_Low,cha_High,cha_Low
199401,0.05998815016902888,0.1682113199366066,0.0737956431181543,0.01380749294912542,0.5546339740205795,0.38642265408397286
199402,-0.0030549255216499246,0.13209069300406728,-0.05231053444318002,-0.049255608921530095,0.5127807684836098,0.3806900754795425
199403,0.026440567049661155,0.13659374597509838,-0.044676159956943164,-0.07111672700660432,0.5371980599275683,0.4006043139524699
199404,0.01755078896204014,0.13743530101077944,0.027573116709197147,0.010022327747157007,0.5682650106590316,0.4308297096482521
199405,0.0010497676991494242,0.12864671190241678,-0.006656150796177895,-0.007705918495327319,0.5612433823715753,0.43259667046915856
199406,-0.02399882909628974,0.15254399394284612,-0.06522031139584557,-0.04122148229955583,0.5937333015488803,0.44118930760603414
199407,0.05639317378531159,0.1728309850468286,0.08285699357119816,0.02646381978588657,0.6316142094009348,0.45878322435410623
199408,-0.02959389401651988,0.15876565376475332,0.003538309663430675,0.03313220367995055,0.6017157677194901,0.44295011395473677
199409,0.002572914281232845,0.16769186981808215,-0.06008271592597409,-0.06265563020720694,0.596516048650308,0.4288241788322259
199410,-0.01589199904354581,0.1793916921479748,0.007198109097202402,0.02309010814074821,0.6341136138149905,0.45472192166701575
199411,0.061187042104778024,0.17645500929336344,0.015599522370477473,-0.04558751973430055,0.6292390755765219,0.4527840662831585
199412,-0.05026736930858232,0.17329852728773532,-0.040019448490680995,0.010247920817901324,0.6362960582368254,0.46299753094909013
199501,-0.015257478976913107,0.2175415592860609,-0.04021159954565614,-0.02495412056874303,0.662938486521568,0.44539692723550706
199502,0.02621033650721382,0.23419304013661052,0.021601915267769833,-0.004608421239443989,0.6952531619109551,0.4610601217743446
199503,0.0233856783593432,0.21509336748525804,0.002504384982366126,-0.020881293376977077,0.6762152488200575,0.4611218813347994
199504,-0.004966657517304549,0.20503240348148327,0.028631376137693,0.03359803365499755,0.6777155462630603,0.472683142781577
199505,0.05536179941091197,0.20774999282230516,0.060541332809560186,0.005179533398648217,0.6693512517916537,0.4616012589693485
199506,-0.03347289181031886,0.1907525995720225,-0.03521077618136781,-0.0017378843710489538,0.6444709644416698,0.45371836486964734
199507,0.01364674156738857,0.20996382239943245,0.06222093455165319,0.048574192984264616,0.6654767144414437,0.4555128920420113
199508,0.005612400177473266,0.1994216582757568,0.006205298940869084,5.928987633958173e-4,0.6340867391396721,0.43466508086391525
199509,-0.009629682225274258,0.2054603144254769,-0.005423183036923708,0.004206499188350549,0.6344263364346033,0.4289660220091264
199510,9.8897232947299e-4,0.20898389330221667,-0.007820097546236918,-0.008809069875709908,0.6351022349332696,0.4261183416310529
199511,-0.012426590149461497,0.21328486643443867,0.031221194673582985,0.04364778482304448,0.6452975092352906,0.43201264280085194
199512,0.004870160380704407,0.20591665963395656,0.02157688635234463,0.016706725971640222,0.6223029669003939,0.41638630726643733
199601,0.018112321886816357,0.19949194603275655,0.061857475101927295,0.04374515321511094,0.6025627168126363,0.40307077077987974
199602,0.012097621528785971,0.17709116092514188,0.0028006309646173826,-0.009296990564168588,0.5625951500759264,0.38550398915078454
199603,-0.026506143547712573,0.1836506984789799,-0.006278663232093534,0.020227480315619037,0.5869804727526069,0.403329774273627
199604,0.023240610799292086,0.16542722757115264,0.03820740536223172,0.014966794562939631,0.5537593637760019,0.38833213620484924
199605,0.012618236443398788,0.15205182909414378,0.014593157963707328,0.001974921520308541,0.5351339029141787,0.38308207382003495
199606,0.013329834002436912,0.14016291886061721,0.011714100151449343,-0.0016157338509875702,0.5245754727018939,0.38441255384127665
199607,-0.030142375436871593,0.13893185202185432,-0.062383672286120344,-0.03224129684924875,0.5221352474400951,0.3832033954182408
199608,-0.023374672401326485,0.16703112640527978,0.002577291519226981,0.025951963920553465,0.562428304931505,0.3953971785262252
199609,0.02147240881019552,0.17714493968232747,0.062404695438752066,0.040932286628556545,0.5615629262713041,0.38441798658897663
199610,-0.0038814143481210412,0.1597808156368523,0.005138684553152246,0.009020098901273288,0.5279358333698753,0.36815501773302295
199611,0.008373784791885108,0.15982184571863783,0.06714973653128953,0.05877595173940442,0.5252904272309393,0.3654685815123015
199612,-0.0017347954171016613,0.1455755152066074,0.0024621333761325054,0.004196928793234167,0.492000605370009,0.3464250901634016
199701,-0.029235525649141253,0.14162034775721172,0.014098251040858434,0.04333377668999969,0.4857664994042629,0.3441461516470512
199702,-0.03458046268076076,0.15254566277692044,0.006629133243367977,0.04120959592412874,0.48037550931079026,0.3278298465338698
199703,-0.012517331229247053,0.16106361328052388,-0.012885529602573127,-3.681983733260739e-4,0.47518740486616784,0.31412379158564396
199704,0.011523135725459682,0.16671570910009254,0.04454016660227764,0.033017030876817954,0.48328513333960116,0.3165694242395086
199705,0.01623072670437941,0.15358833025421897,0.06084432114362513,0.04461359443924572,0.47621832609407855,0.3226299958398596
199706,0.02048057460251302,0.1430396334210109,0.06190517328251112,0.0414245986799981,0.4648145528505386,0.3217749194295277
199707,-0.07553992891405883,0.12952149318992995,0.031983530816497185,0.10752345973055602,0.43553884651928676,0.3060173533293568
199708,-0.021938670148752837,0.15432172021396168,-0.10091033529829448,-0.07897166514954164,0.430115299565223,0.2757935793512613
199709,-1.3622587648995377e-4,0.1783365838394365,0.06324862672198349,0.06338485259847344,0.47801202390154035,0.29967544006210384
199710,-0.07482792979124216,0.17222186220023272,-0.14872836370795492,-0.07390043391671276,0.453937176394667,0.2817153141944343
199711,9.129082747551531e-4,0.23949331280314312,0.0314106932921107,0.030497785017355547,0.5429658896201739,0.30347257681703077
199712,-0.03565993340381837,0.23228291073225404,0.004883386677039244,0.04054332008085761,0.5282262338137194,0.2959433230814653
199801,-0.018695506505763473,0.25309076932293,0.019257657324347748,0.03795316383011122,0.5307234401027845,0.2776326707798545
199802,0.03349815542944447,0.26892810280863655,0.11067379031469489,0.07717563488525042,0.5373125179822797,0.2683844151736432
199803,0.006921466049215723,0.23636912635240537,0.05604127813859916,0.04911981208938344,0.48777906381151526,0.2514099374591099
199804,-0.04989947845230945,0.23341056711861627,-0.04630249077644128,0.003596987675868172,0.474803930802012,0.24139336368339573
199805,-0.04464844386737893,0.25834817817315114,-0.020292882793590206,0.024355561073788726,0.5086309410371564,0.2502827628640053
199806,-0.006157045643508448,0.29915152559798386,0.003363929218905593,0.009520974862414041,0.5459504432265705,0.24679891762858666
199807,-0.003866010725113396,0.30054492193016086,-0.0031549347617835315,7.110759633298647e-4,0.5552854388517202,0.25474051692155936
199808,0.04143795183541421,0.31487100625653824,-0.12307411091239795,-0.16451206274781216,0.571422730460655,0.2565517242041167
199809,0.03305148419363243,0.36149653789941505,-0.03558023901122722,-0.06863172320485965,0.6463762627890122,0.2848797248895971
199810,0.07710078203882419,0.329704593623902,0.15850042709700338,0.08139964505817919,0.6335099962274793,0.3038054026035773
199811,0.012893422015370762,0.26733493936240726,0.08194656775432126,0.0690531457389505,0.5491371371374596,0.28180219777505233
199812,-0.026333830552188894,0.25196865752965364,-0.006997344091509441,0.019336486460679453,0.5157845610793914,0.2638159035497378
199901,-0.004762348705302878,0.259996488376309,0.005560019084633954,0.010322367789936832,0.5140046920929022,0.2540082037165932
199902,0.012231850576051763,0.26383071715969164,-0.001090213022398439,-0.013322063598450201,0.5163636779072218,0.2525329607475302
199903,0.054840979644259664,0.2615277307470046,0.05930271252512825,0.004461732880868582,0.516261690309411,0.25473395956240646
199904,0.036907877438019425,0.21625800997982647,0.0927481323113176,0.05584025487329817,0.4726464677052835,0.25638845772545704
199905,0.010128277052341782,0.18085590971144427,-0.03473138666926596,-0.04485966372160774,0.423940711328428,0.2430848016169837
199906,0.038226642709441525,0.18612903504230677,0.06601935145056836,0.027792708741126836,0.4416414492847913,0.25551241424248455
199907,-0.008727074612651611,0.15200967150846822,-0.036211076388799605,-0.027484001776147994,0.4075557495906462,0.255546078082178
199908,0.013251607752148231,0.15934992876419646,0.030705286304364587,0.017453678552216356,0.42016808662516847,0.260818157860972
199909,-0.004116667830926048,0.16319436106043256,-0.03138665581213881,-0.02726998798121276,0.42089544281994645,0.2577010817595139
199910,-0.0027959400653462807,0.16761511526108297,0.044244181000234,0.04704012106558028,0.4321173654162255,0.2645022501551425
199911,0.03217601844346658,0.16064615114953218,0.0790811804492907,0.046905162005824126,0.41445106400840614,0.25380491285887397
199912,-0.027241242586830167,0.1382492343934549,0.06738652774036251,0.09462777032719268,0.38385566534039073,0.24560643094693582
200001,0.01585795794584574,0.13355453390261085,-0.045287062887005236,-0.06114502083285098,0.3516217339149399,0.21806720001232904
200002,0.005563090154592408,0.13656483397879896,0.06179194971116512,0.05622885955657271,0.36827982785588315,0.2317149938770842
200003,-0.0033498391401923615,0.13002272708160395,0.02832516334158616,0.03167500248177852,0.35404060457357495,0.224017877491971
200004,-0.05647183576244437,0.12659574702697352,-0.06265465291213516,-0.006182817149690791,0.3439423154913985,0.21734656846442496
200005,-0.035706751967692865,0.13301370510812788,-0.043379704577382334,-0.007672952609689467,0.36174146249108263,0.22872775738295476
200006,0.06380807319929775,0.19734952507028353,0.06244539551840225,-0.001362677680895503,0.43894203825521944,0.2415925131849359
200007,-0.013896949241796384,0.15232152775861593,-0.007598817369738163,0.00629813187205822,0.4017867343087889,0.24946520655017299
200008,0.015076579582115293,0.15479790396367477,0.040825699442583636,0.025749119860468343,0.4010493643458491,0.24625146038217433
200009,-0.020197742306224786,0.14807727746531654,-0.06403580956897441,-0.04383806726274962,0.3928706566638817,0.24479337919856517
200010,-0.04406172961427332,0.1502559051630648,-0.039009403435795766,0.005052326178477554,0.41276076410146717,0.26250485893840236
200011,0.038356662292387204,0.1729441062324314,-0.035708626157236016,-0.07406528844962322,0.43377497250048497,0.2608308662680536
200012,0.0027657565739181615,0.1743772840188909,-0.0017682149410285979,-0.004533971514946759,0.45528010647705774,0.28090282245816683
200101,0.0023860635967322547,0.1760227143640844,0.02911316519927158,0.026727101602539324,0.4530855456262999,0.2770628312622155
200102,0.005475637868679342,0.16981885343193065,-0.06964585086754606,-0.0751214887362254,0.44238191666563703,0.2725630632337064
200103,-0.0025962100388534637,0.1698783958744728,-0.05842411014241665,-0.055827900103563186,0.46664191733584687,0.2967635214613741
200104,-0.009131464171688523,0.17184797185080597,0.05512018299189645,0.06425164716358497,0.49128637480107956,0.3194384029502736
200105,-0.012188001659486514,0.17525922824053825,-0.017852430701183194,-0.0056644290416966794,0.4839999729302442,0.30874074468970597
200106,-0.0020407887686808047,0.18222137088746615,-0.030642779856119625,-0.02860199108743882,0.49832645080712973,0.3161050799196636
200107,-1.9410275327553378e-4,0.18515484782955777,-0.04016551884193269,-0.039971416088657154,0.5244958374723335,0.33934098964277576
200108,-0.031363632990656524,0.18795689389430714,-0.07880598341584423,-0.047442350425187706,0.5395128910072428,0.3515559971129356
200109,0.0016010157124114605,0.20798306704057373,-0.10785276919030545,-0.10945378490271691,0.5776521998455177,0.369669132804944
200110,0.00701039245487918,0.24448120520813982,0.04058275138656059,0.03357235893168141,0.6557838446709993,0.41130263946285944
200111,0.024496932146969824,0.2381073894554443,0.0720271378866032,0.047530205739633374,0.6375791312691946,0.39947174181375034
200112,-0.010448784510340323,0.2124402434671145,0.009161959169868067,0.01961074368020839,0.5942476496863293,0.3818074062192148
200201,-0.00848183159862181,0.19813959866999836,-0.02809452466423853,-0.01961269306561672,0.5715554639178936,0.3734158652478952
200202,0.0072465781529506695,0.20650348887528103,0.0021748317468124195,-0.00507174640613825,0.588213803093328,0.381710314218047
200203,0.0117488664810797,0.19797969518702913,0.046874552829931866,0.035125686348852166,0.5777569377601303,0.37977724257310114
200204,0.027290794070900494,0.19122615186031866,-0.006478335312039016,-0.03376912938293951,0.5567172252835205,0.36549107342320186
200205,0.004163588423976501,0.19520675242647356,-0.014564098104144529,-0.01872768652812103,0.5684611216102222,0.37325436918374866
200206,0.01114089944822294,0.1928766880872944,-0.08349800838485139,-0.09463890783307433,0.5732178396765364,0.380341151589242
200207,0.022551144537667073,0.21054761325305033,-0.08371508495832655,-0.10626622949599362,0.6193313971732004,0.4087837839201501
200208,-0.00988043225579717,0.23090893608793506,-0.004802950683038815,0.005077481572758355,0.6839634320741934,0.45305449598625835
200209,0.01033147002387512,0.2400477230836922,-0.1209261420480685,-0.1312576120719436,0.6902374903241444,0.4501897672404522
200210,-0.0423311662543033,0.2783544788119935,0.04927458942680051,0.09160575568110381,0.7865850132500405,0.508230534438047
200211,0.02874906049648726,0.272973603628971,0.06878024686758874,0.04003118637110148,0.7477490302582939,0.47477542662932287
200212,-0.009461033062520358,0.24758274471814762,-0.08317183786199764,-0.07371080479947728,0.7056562482023048,0.45807350348415715
200301,0.021205499146940407,0.2651537428791881,-0.027915260129846936,-0.04912075927678734,0.7578743717265041,0.492720628847316
200302,0.03827222841664191,0.24609201679544268,-0.01139172297509479,-0.049663951391736696,0.754559773048072,0.5084677562526293
200303,-0.027144177846166365,0.25521154575336735,-0.04218622205282808,-0.015042044206661711,0.7698793770405746,0.5146678312872073
200304,-0.017678008122360422,0.2808541688956375,0.08042713121609944,0.09810513933845987,0.7993820388856608,0.5185278699900233
200305,0.0360305266545897,0.27967356506870217,0.05643298806253328,0.02040246140794358,0.753840496140294,0.47416693107159186
200306,0.0070719240249281674,0.25796757318787744,0.034337551582661746,0.02726562755773358,0.7223779190880077,0.4644103459001303
200307,0.00492708003172123,0.230638682902091,0.049628773726852295,0.044701693695131064,0.6822449416219645,0.4516062587198735
200308,0.026114452186264982,0.21393861353535298,0.04655083103968867,0.020436378853423687,0.649432352072836,0.435493738537483
200309,0.02632328382744832,0.18813582059393802,-0.01579318859093562,-0.04211647241838394,0.6201565037608988,0.4320206831669608
200310,0.008568099907788083,0.17501036669180786,0.06553587251543201,0.05696777260764393,0.6257923991817463,0.4507820324899385
200311,-0.0023098700556702396,0.16729505325799532,0.003493911933406333,0.005803781989076572,0.5914803939651565,0.4241853407071612
200312,5.10188369983601e-4,0.1746580604256155,0.04263590718055417,0.04212571881057057,0.5975551642172278,0.42289710379161227
200401,-0.02506493775971495,0.17312547183615085,0.008698118041214137,0.03376305580092909,0.5755050504041396,0.4023795785679887
200402,0.0016957538416004087,0.16961272469843847,0.02342933895964218,0.02173358511804177,0.5637086540386502,0.39409592934021176
200403,0.016668644618197136,0.16229516508813763,-0.012908978414439597,-0.02957762303263673,0.5541832361635614,0.3918880710754237
200404,2.152594589580766e-4,0.14192119529727287,0.0023266705664199507,0.002111411107461874,0.5472243561119643,0.4053031608146914
200405,-0.003589334516353797,0.13936426964538462,-0.0029782218471672162,6.111126691865808e-4,0.5476495799299287,0.40828531028454407
200406,0.011342282221590706,0.1482069983939336,0.028128340020357936,0.01678605779876723,0.5622712942061644,0.4140642958122308
200407,0.003160875376305154,0.14369160151980143,-0.02079692022959092,-0.023957795605896073,0.5534326727599815,0.4097410712401801
200408,0.0021557197749167882,0.14063990255034947,-0.0038132786315538602,-0.0059689984064706485,0.562806933138195,0.4221670305878455
200409,0.004579292838246676,0.1424988983158716,0.02013768183188716,0.015558388993640485,0.5680544629760316,0.42555556466016
200410,-0.007041597632048369,0.14497959808021715,0.011505269291508514,0.018546866923556882,0.5638372477091136,0.41885764962889643
200411,0.006676281519439685,0.14892375639182542,0.0323445811170773,0.02566829959763762,0.5593343076613143,0.4104105512694889
200412,-0.0028237566439754114,0.13945696008616076,0.02952741739529189,0.0323511740392673,0.5430795710968941,0.4036226110107333
200501,-6.01550378113813e-5,0.1343964856448734,0.002846551618643334,0.0029067066564547155,0.5260787800372538,0.39168229439238045
200502,0.013620437387256906,0.13627499333542487,0.03340418326745071,0.019783745880193805,0.5289750821123358,0.3927000887769109
200503,-2.8998988952954816e-5,0.13144873114122213,-0.00663751412854242,-0.0066085151395894656,0.5160540856494237,0.38460535450820155
200504,-0.0013551648972381578,0.13200124133121127,-0.026240202809085907,-0.02488503791184775,0.5300456233923493,0.398044382061138
200505,0.002708629609082941,0.1377702839271821,0.04284086111838079,0.04013223150929785,0.5478583886333107,0.4100881047061286
200506,0.00308394285726658,0.13617075295176945,0.029571691842409834,0.026487748985143254,0.5345191577035779,0.3983484047518085
200507,0.003014969184678369,0.13098348285819988,0.042685638361312846,0.03967066917663448,0.5170638179833155,0.3860803351251156
200508,0.0018746934461027955,0.1277621978313559,0.0014864932345497188,-3.8820021155307676e-4,0.49796550407002754,0.37020330623867165
200509,0.0037239591562826316,0.12835726751093662,0.046191532843380984,0.04246757368709835,0.49913100420877876,0.37077373669784214
200510,-0.010922802923348438,0.13830375049133092,-0.034775051415292434,-0.023852248491943995,0.5012265690248563,0.36292281853352537
200511,0.02020029454441844,0.1453881883203918,0.052423308763534356,0.032223014219115914,0.5195877023260046,0.3741995140056128
200512,0.012223344335045374,0.13685731847748517,0.03727062655871493,0.025047282223669556,0.5003955399696517,0.3635382214921665
200601,0.012700136666265752,0.13415151043343626,0.043998853278964266,0.031298716612698514,0.48757397999642066,0.3534224695629844
200602,-0.00435049882321836,0.12462092528863605,0.006782338314660039,0.0111328371378784,0.4686066332038977,0.3439857079152617
200603,-0.005366106282899064,0.12101593915949233,0.024790062291849133,0.030156168574748198,0.46276030620978725,0.34174436705029493
200604,0.001589414723730212,0.12743095086571044,0.009593793180800836,0.008004378457070624,0.4717899974541217,0.34435904658841127
200605,-0.0010490787036926685,0.13618024878135593,-0.051314968705781394,-0.050265890002088726,0.47910005964052266,0.34291981085916673
200606,2.0959094712106295e-4,0.1492105141234787,0.007136649978932345,0.006927059031811282,0.5123171948430388,0.36310668071956015
200607,0.0023754012685461828,0.1495407067601507,0.011913687377922876,0.009538286109376693,0.5093496775652276,0.35980897080507696
200608,0.010693512521784635,0.15772770284726345,0.03347664119288068,0.022783128671096043,0.5181600519234706,0.36043234907620714
200609,-0.009902468984235135,0.14708181939838505,0.014165447788576837,0.024067916772811972,0.49927783382628943,0.3521960144279044
200610,-0.0107868078322685,0.1382290086614354,0.025132518515720993,0.03591932634798949,0.4924853365728079,0.3542563279113725
200611,2.578097795860211e-4,0.14401742438252146,0.004855544307104118,0.004597734527518097,0.4839352770950509,0.33991785271252944
200612,0.011755815982217022,0.14170252978010472,0.0414718732611308,0.029716057278913775,0.47977842397737464,0.3380758941972699
200701,-0.005876123441840384,0.135935247439179,0.010619402565503658,0.016495526007344042,0.4688798037195827,0.3329445562804037
200702,0.0012281528618563742,0.13370925168906045,-0.0162685228545983,-0.017496675716454673,0.4615190673639076,0.3278098156748471
200703,-0.009221348024435277,0.13480105067238596,0.016441069252944064,0.02566241727737934,0.4672793165026758,0.33247826583028983
200704,0.01177046949439178,0.13398944689715148,0.042154376294855495,0.030383906800463715,0.4751559644356741,0.3411665175385226
200705,-7.048548815742385e-4,0.13369311411058887,0.028181453564703512,0.02888630844627775,0.4662946224638572,0.33260150835326835
200706,0.0271282233447214,0.13969936175942632,0.01070639117366861,-0.01642183217105279,0.4639723427483245,0.3242729809888982
200707,-0.005368473202755412,0.13451309685720825,-0.02942707589267174,-0.024058602689916327,0.47159510715223724,0.337082010295029
200708,-0.003645104972550108,0.13684091251557307,-0.008119654897210093,-0.004474549924659985,0.48332916098405077,0.3464882484684777
200709,0.01408135712581281,0.14568039116333292,0.03539558507190241,0.021314227946089597,0.4901141720794787,0.3444337809161458
200710,0.016312705421184744,0.12898739016750815,0.03790323094925426,0.021590525528069518,0.47672107423038,0.34773368406287186
200711,-0.011992948352079015,0.12485836689485907,-0.05151028635368158,-0.039517338001602564,0.4643367903502709,0.33947842345541185
200712,0.012662198431358301,0.12895518724614402,-0.010486793167841566,-0.023148991599199868,0.48513999139771635,0.35618480415157233
200801,-0.04192383722224036,0.12419772514931432,-0.139505346170256,-0.09758150894801565,0.4910820399872491,0.36688431483793477
200802,0.0014526757842656022,0.15171888006085832,-0.002761037504431688,-0.00421371328869729,0.5588710166322937,0.40715213657143534
200803,-0.025577649541876336,0.1602077014916194,-0.04631896076129037,-0.020741311219414034,0.5678147689828654,0.40760706749124603
200804,0.03683104831591929,0.17426658768301334,0.08764269186052474,0.050811643544605455,0.60665783888891045,0.4323912512058971
200805,-0.004254673221689301,0.15798725394172491,0.009628144399743535,0.013882817621432836,0.5740013408557666,0.4160140869140417
200806,-0.01665830620473148,0.1613403654189644,-0.1032055662074153,-0.08654726000268383,0.5760889706127328,0.4147486051937684
200807,0.005265777556979179,0.1726464570331997,-0.013583437021040435,-0.018849214578019614,0.6295185167958957,0.45687205976269596
200808,-0.019258088717457617,0.17423663045512527,-0.006775087893409993,0.012483000824047625,0.6421448666977319,0.4679082362426066
200809,-0.02997015725859925,0.1794353524338625,-0.1278622616711819,-0.09789210441258264,0.6435760733371909,0.4641407209033284
200810,-0.025560426760206006,0.22347174704917883,-0.17061851800986472,-0.1450580912496587,0.7351178184847487,0.5116460714355698
200811,0.008805577260768152,0.2774985076366038,-0.03476881407559779,-0.04357439133636594,0.8900043362809529,0.6125058286443491
200812,0.022003832573391592,0.29199498575711735,0.013193568417972572,-0.008810264155419021,0.9346712313460693,0.642676245588952
200901,-0.03232905586566818,0.28226325320918577,-0.08139959377882473,-0.049070537913156555,0.9255848008594146,0.6433215476502289
200902,0.021545091467320088,0.30829668178516045,-0.06558305663251521,-0.0871281480998353,0.986807065723506,0.6785103839383455
200903,0.004641438992437769,0.34057220590130755,0.05573917582786898,0.05109773683543121,1.0771782561546266,0.736606050253319
200904,0.06570392213300384,0.3387737245287761,0.16159325112599265,0.09588932899298881,1.0144598886333278,0.6756861641045517
200905,0.026754652955479352,0.25824909174052835,0.08180645480707305,0.055051801851593696,0.8716438744657249,0.6133947827251965
200906,-0.005894402226903883,0.23776608455307235,-0.0025282717064549734,0.003366130520448909,0.8206565739956848,0.5828904894426125
200907,0.0022542259237026963,0.25338442848468035,0.09161469764167252,0.08936047171796982,0.8237905325244944,0.5704061040398141
200908,2.8691416197906133e-4,0.2365247389348335,0.039049171534980824,0.03876225737300176,0.7572800738989871,0.5207553349641536
200909,-0.015165552100407199,0.236615656641328,0.02509709475476141,0.04026264685516861,0.7336542533196302,0.4970385966783022
200910,0.012063689098309259,0.2430164321308667,-0.013141375989287097,-0.025205065087596356,0.7269115555490419,0.48389512341817514
200911,-0.0191059826357884,0.2537165726331572,0.005306839455423554,0.024412822091211955,0.747855108304623,0.49413853567146576
200912,0.03726409144646754,0.2644824387579427,0.06698311901875159,0.02971902757228405,0.7621878251484583,0.4977053863905156
201001,-0.025945462401168816,0.23562377329069345,-0.0603222646961131,-0.03437680229494428,0.7208482335879662,0.4852244602972728
201002,-0.033798655873323175,0.2586441407595431,-0.014063418802135913,0.01973523707118726,0.7602269339443599,0.5015827931848168
201003,0.011995989905473896,0.27630572168751455,0.07255633317782663,0.06056034327235273,0.7737262949458039,0.49742057325828937
201004,-0.027756913325799583,0.24335807834042061,-0.02348250470156279,0.004274408624236796,0.7286537499913701,0.4852956716509495
201005,-0.01144382777929534,0.2744342305632001,-0.06846409933286031,-0.05702027155356497,0.7619797044431142,0.48754547387991415
201006,0.021479224933922826,0.3051202565651282,-0.008056337188631026,-0.02953556212255385,0.8341702726358097,0.5290500160706815
201007,0.019328159889158467,0.3160029097416578,0.06772003357287337,0.048391873683714906,0.8599086942295946,0.5439057844879368
201008,-0.026358973226251574,0.29263305166606013,-0.04592841025920146,-0.019569437032949888,0.808659914798118,0.5160268631320579
201009,0.005160906125700582,0.3175265622509269,0.06265540535526345,0.05749449922956287,0.8520042277097879,0.534477665458861
201010,0.0068253364128628286,0.3098133579811443,0.028613870765118905,0.021788534352256077,0.8116044172286065,0.5017910592474623
201011,-0.03224896980955683,0.30093034052342266,-0.035031985848894935,-0.002783016039338107,0.7926527931548318,0.4917224526314092
201012,0.01541972544694293,0.3427262664901382,0.05476950726091619,0.039349781813973264,0.8371689102085623,0.4944426437184241
201101,0.04479341347399153,0.32330578241129265,0.04927978142552924,0.004486367951537708,0.7985742730039413,0.4752684905926487
201102,0.004421881927431773,0.2910384368274577,0.023304494022464463,0.01888261209503269,0.7636401376303277,0.47260170080286995
201103,-0.030312148276904507,0.2757963068056358,-0.0338461697636387,-0.003534021486734197,0.7492517382374377,0.4734554314318019
201104,0.010235855532985103,0.3072469673203838,0.02895360782706905,0.01871775229408395,0.7963123289920669,0.48906536167168313
201105,-0.01752980316622461,0.2995408101869584,-0.0234137853785842,-0.005883982212359591,0.7831217776749048,0.4835809674879464
201106,0.02063126236020639,0.3323026241636366,-0.00976056745225158,-0.030391829812457968,0.8230169890485775,0.49071436488494086
201107,-0.012586046342980932,0.32389117338977136,-0.047636058076305866,-0.035050011733324934,0.8298870334835449,0.5059958600937735
201108,-0.06940276110428442,0.35967155342423807,-0.12528452085085892,-0.05588175974657449,0.8773194838422502,0.5176479304180122
201109,0.022241494772990873,0.4117277287513431,-0.04215521714425018,-0.06439671191724106,0.9731237962711742,0.5613960675198311
201110,0.006574440833208947,0.42408560949710894,0.08847817859297637,0.08190373775976742,1.035732400624495,0.6116467911273861
201111,-0.03178618427755698,0.40090415452264094,-0.04523257459645216,-0.013446390318895185,0.9645957062308752,0.5636915517082343
201112,-0.011828238144545018,0.4248293564235318,0.0010625816930489168,0.012890819837593935,1.0048081575513481,0.5799788011278163
201201,0.024824742720744412,0.4131617160054901,0.05629498497123555,0.03147024225049114,0.9940637482524409,0.5809020322469508
201202,0.004316660507720935,0.38837951013816274,0.042972654006154805,0.03865599349843387,0.9469763747843887,0.5585968646462259
201203,-0.0203318575995833,0.36129095498924735,-0.014954825300714781,0.005377032298868522,0.9033385482692518,0.5420475932800044
201204,-0.051037690632540086,0.37838349200233,-0.05618363311236521,-0.005145942479825125,0.9212211537032844,0.5428376617009544
201205,-0.022249500022010142,0.4296704817286119,-0.08350441973132111,-0.06125491970931097,0.9792555362627636,0.5495850545341517
201206,0.05624393359509867,0.4904692475525071,0.09064570740951522,0.03440177381441655,1.0976905831158537,0.6072213355633466
201207,-0.03194944464465035,0.42912825453037107,5.829028383529644e-4,0.032532347483003314,1.0168053466983193,0.5876770921679483
201208,0.03337811486423866,0.45855225406116396,0.04439585692931365,0.011017742065074993,1.0253973231967939,0.5668450691356299
201209,-0.004671879109583263,0.41586045256122905,0.018879170895846592,0.023551050005429855,0.9765292902068066,0.5606688376455775
201210,0.018199547990579983,0.4115855697309768,0.022811006834180338,0.004611458843600353,0.9606619788868105,0.5490764091558337
201211,0.012203967909052255,0.397899830119291,0.027773386682071962,0.015569418773019707,0.9442609196082008,0.5463610894889098
201212,0.02384170072911051,0.38726600076999784,0.03906356243442541,0.015221861705314902,0.9306449074112492,0.5433789066412513
201301,-0.00358365037540629,0.368650474036584,0.047642529283986434,0.051226179659392725,0.9009679766673652,0.5323175026307811
201302,-0.04308409617487234,0.3465003318993183,-0.02269550352531227,0.02038859264956007,0.8561015186716874,0.5096011867723691
201303,-0.009392759132830296,0.38077158307774817,2.1886127119928483e-4,0.00961162040402958,0.8855956576654777,0.5048240745877295
201304,0.04653637463905834,0.37528662626087794,0.06175211670751915,0.015215742068460807,0.8826689882077503,0.5073823619468724
201305,-2.4047359954245534e-4,0.3335148203882987,0.016736144243054144,0.0169766178425966,0.8362929848263654,0.5027781644380667
201306,-0.018235070999626006,0.33818756689773677,-0.058040454957105095,-0.03980538395747909,0.8409278050222277,0.502740238124491
201307,0.015717990941000362,0.3652477226810992,0.06280635090888605,0.047088359967885685,0.8884417471651728,0.5231940244840736
201308,-0.00252227112987899,0.3401710801799653,-0.009901592121400599,-0.007379320991521609,0.8391834862706882,0.4990124060907229
201309,0.046029411220449755,0.35064024898194085,0.07102448012238173,0.024995068901931976,0.8495465677144378,0.49890631873249697
201310,0.010025994068634997,0.30614790319141727,0.04901701836764324,0.03899102429900824,0.7857004670698085,0.4795525638783912
201311,0.016168766887612145,0.2809584539950469,0.02429706721886752,0.008128300331255375,0.7443604773155313,0.46340202332048447
201312,-0.0063241881582723775,0.2798516396369865,0.0058796116539073535,0.012203799812179731,0.7444029052732581,0.46455126563627164
201401,-0.009537288861421123,0.27932322566650536,-0.031549370276348174,-0.02201208141492705,0.7405137406333799,0.4611905149668746
201402,-0.011708929099094358,0.28567928811600324,0.03356885132795654,0.0452777804270509,0.758886195893973,0.47320690777796975
201403,0.013895223294548358,0.28365541141183614,0.012736475144617494,-0.0011587481499308635,0.7413269958755475,0.45767158446371137
201404,-0.015964720680426304,0.26440761517936195,-4.0439868124555344e-4,0.01556032199918075,0.7298460662020319,0.4654384510226699
201405,0.011834433764100361,0.26714604756268007,0.03088043351890729,0.01904599975480693,0.7276245789733299,0.4604785314106498
201406,0.0025141568629712236,0.2587095823164789,0.0046526660210236175,0.002138509158052394,0.7154824188940825,0.4567728365776036
201407,-0.005125795653482318,0.2637491538277261,-0.0038747146328682158,0.001251081020614102,0.7177133290009085,0.4539641751731823
201408,-0.017725150759163116,0.26860770974894627,0.0018937358884309888,0.019618886647594105,0.7240931873541462,0.4554854776051999
201409,0.016642744512200523,0.2764945759606081,0.005842448919518477,-0.010800295592682045,0.7251934166770528,0.4486988407164447
201410,-0.016648812597161097,0.27169570587761166,-0.013044373404602405,0.0036044391925586913,0.7337483108021583,0.46205260492454664
201411,0.012461660979149355,0.28103261684639996,0.03617136168723294,0.02370970070808359,0.7427103487816896,0.46167773193528966
201412,-0.01829894324976103,0.2690203931101024,-0.023521835252353372,-0.0052228920025923446,0.7298601556526283,0.4608397625425259
201501,0.03581966699358306,0.29591531858439313,0.04756895717117364,0.011749290177590577,0.7622772461246743,0.46636192754028116
201502,-0.007712326832384556,0.2736193938493604,0.057977592700661176,0.06568991953304573,0.7307808966284611,0.4571615027791007
201503,0.009551688965447768,0.26054612335401767,0.016929557879666095,0.007377868914218327,0.6927467572283015,0.4322006338742838
201504,0.03296983970390703,0.24727910606762377,0.028204340902976414,-0.004765498800930618,0.6856083581438365,0.4383292520762127
201505,-0.003248845525472029,0.22215258351495037,0.00793832447883355,0.011187170004305578,0.6653856028188514,0.443233019303901
201506,0.014064662836638937,0.24320593386379868,-0.03286236082725848,-0.046927023663897414,0.6878896753426105,0.4446837414788118
201507,-0.017360079303659893,0.24699987936584827,0.02032349370896939,0.037683573012629284,0.7126409556030985,0.4656410762372502
201508,-0.020110484000811904,0.23633389242555197,-0.09017172635992551,-0.07006124235911361,0.6912016116626709,0.45486771923711894
201509,-0.01256881115346907,0.26787980720826443,-0.049272824968915455,-0.036704013815446385,0.7614289034549447,0.4935490962466803
201510,0.03143540539420665,0.2912344730700408,0.09124389443080987,0.05980848903660321,0.7974183984161505,0.5061839253461097
201511,-0.010641703812572463,0.2550766463815444,0.005155977366166686,0.01579768117873915,0.7349812488769563,0.47990460249541184
201512,0.0013219316147612056,0.2618790927095945,-0.0358799998500967,-0.0372019314648579,0.7360983484870418,0.47421925577744733
201601,-0.019591992700546186,0.27894535194861436,-0.07335046345512267,-0.05375847075457648,0.7648406462139964,0.485895294265382
201602,-0.038843747341742195,0.3179584465256914,-0.0452491260110509,-0.006405378669308704,0.8321717342576426,0.5142132877319512
201603,0.01497707267904453,0.34660608670450777,0.04811348512273635,0.03313641244369182,0.870125109461968,0.5235190227574602
201604,-0.006337965165898969,0.32989263576462435,0.015241122974469567,0.021579088140368536,0.8322190894953003,0.502326453730676
201605,-0.005686514229992615,0.3179740367837715,0.013430284461765252,0.019116798691757867,0.8173492234141086,0.49937518663033714
201606,-0.05190506983465134,0.32124936753161887,-0.06242928690878284,-0.010524217074131504,0.8157373937753396,0.49448802624372074
201607,0.012776294475623215,0.3740230164438183,0.05389007277692387,0.041113778301300655,0.876428469808991,0.5024054533651727
201608,0.013480584664383025,0.3492620766890408,0.021055264399936418,0.007574679735553393,0.8300410857240408,0.480779009035
201609,-0.00941567502286296,0.33934677858785567,-0.004110515750700188,0.005305159272162771,0.8157459876618187,0.47639920907396305
201610,0.03235384816145577,0.34791392989821784,0.027047052132338392,-0.005306796029117377,0.8213707736621647,0.47345684376394687
201611,-0.022158050472721305,0.3152795798042846,-0.0027688709099425953,0.01938917956277871,0.7969041161044826,0.481624536300198
201612,0.02271597912176676,0.3229056297902306,0.06032489232989058,0.03760891320812382,0.8043116009932245,0.48140597120299394
201701,-0.003941108504162953,0.29405134524096066,8.752252242787647e-4,0.0048163337284417174,0.7616492382439245,0.46759789300296384
201702,-0.0062445138569112366,0.29479240832936837,0.020323609866513555,0.02656812372342479,0.7603607709659831,0.4655683626366147
201703,0.01658437306536336,0.29572952839939803,0.043435852186200066,0.026851479120836706,0.7538218485934767,0.45809232019407864
201704,1.8500827673958303e-5,0.27565595575543395,0.016945164601494526,0.016926663773820568,0.729786058322947,0.454130102567513
201705,0.02196988201576204,0.262511783329962,0.029662010019882078,0.007692128004120039,0.7123512527033813,0.4498394693734193
201706,0.003885076149965602,0.2557647602120653,-0.011310123220180861,-0.015195199370146463,0.7112272151847903,0.455462454972725
201707,0.009058645695523178,0.2545529319719411,0.0166224147480542,0.007563769052531023,0.7178356874119516,0.46328275544001046
201708,2.2078881034162827e-4,0.2458982485880285,3.582605023665165e-4,1.3747169202488823e-4,0.708239499954031,0.4623412513660025
201709,0.007548410291675731,0.24697069000074712,0.032039189699344266,0.024490779407668535,0.711447647823965,0.46447695782321785
201710,0.0024447103228247384,0.23913965027470824,0.030529866511384722,0.028085156188559984,0.6876584664445536,0.4485188161698454
201711,-0.002803474901490846,0.2427638262770313,-0.0024697634763622637,3.3371142512858245e-4,0.6800886861154444,0.43732485983841307
201712,0.00201104857513426,0.2452554158667548,0.004205575515784911,0.0021945269406506507,0.6890573326305032,0.44380191676374836
